"player","oefg_rapm","defg_rapm","otov_rapm","dtov_rapm","oorb_rapm","dorb_rapm","oftr_rapm","dftr_rapm","poss"
"Nikola Jokic",2.69743327628259,-0.45869573191047,-0.961241517771998,0.405004797182153,-0.251218011502746,0.961122426719744,2.15283265522114,2.98844545968606,31599
"Jamal Murray",2.32791112417213,-1.20474403390695,-1.02950971985084,0.586782455223174,-0.344368478744484,-0.379653054914988,-1.53526492368793,1.21299459041028,26365
"Stephen Curry",2.27666653642182,-0.541925132353633,-0.130093906656493,0.238758674103669,-0.733884618945967,0.148908274182398,-0.181783701267249,-0.686100698780928,28119
"Tyrese Haliburton",2.14857152036117,-0.534980096151547,-1.32940063999709,0.119727335401916,-0.688550323975795,0.0843922492734732,0.0947164633559712,0.134912409986814,27622
"Kyrie Irving",2.0601170620409,0.363118392165489,-0.69180588677989,-0.141724884559879,-0.446754074195292,-0.87898685870387,-0.787457271041446,0.230753947487575,25082
"Luke Kornet",1.96679372099187,-0.290606826131682,0.0947325832916238,0.440816545561577,1.31319330651269,0.516568650004242,-1.97049548882602,1.76100757362109,12606
"Giannis Antetokounmpo",1.86305287218934,0.8900885288206,-0.81171301034516,0.573137914962435,0.873105814569032,0.5473047001847,4.75628704865017,0.500544510585125,28925
"Kawhi Leonard",1.78645685564072,0.328019925219924,-1.80160462121341,-0.0925408523109151,-1.06729571164308,0.305566352355402,-0.230652090255479,0.987056292517708,21364
"Aaron Wiggins",1.62577587698816,-0.468844332026964,-0.569554069362912,-0.0268931653620123,-0.648856733191779,-0.824337403942209,-0.715731185318487,0.634139980511721,17907
"Luke Kennard",1.50745855236976,-0.685486320205534,-0.197093447635669,0.474160419135255,-0.767086693080215,-0.367738355658013,-1.10603896887972,-0.304356976166924,15861
"LaMelo Ball",1.4604301429048,-0.540719454737348,-0.193932628109864,0.129317210758669,0.551311984027559,-0.0474686423271374,0.58832495528954,-1.63507862196276,14792
"Sam Hauser",1.43863235385209,-0.111537703688946,-0.608613562477502,1.04590623237888,-0.153982593894399,-0.0762688867301638,-1.46292125947593,0.788772157168901,18549
"Luka Doncic",1.43810437449014,0.169287430482249,-0.977563904547166,-0.271182232601339,-0.601791917087268,0.296119781956869,2.2482385518897,0.292337648424928,28035
"Michael Porter Jr.",1.42934946077036,-0.656651247129088,-0.198818680155279,0.749189407301591,-0.124527659155083,0.1668531670613,-0.959364557362596,0.0832746574009183,28750
"Derrick White",1.42019114083138,0.239543736342747,-0.701914267122054,0.181841513139674,-0.995171519301912,-0.10230058001542,-0.894117831203191,1.63070228250867,29960
"Darius Garland",1.40944825605284,-0.678971744912418,-0.159923592025464,-0.260453245714109,-0.53992072314677,-0.766959980715941,0.990652696352475,-0.545760568453761,27179
"Devin Booker",1.40253735146241,-0.0792345707642743,-1.07643108678366,0.410122383164597,-0.0154506819725189,-0.330085273519259,0.687382977759886,-1.22510621936541,29105
"Obi Toppin",1.3820325314831,-0.74456647569522,-0.435652195995968,0.361002623982941,-0.143593808813884,0.0678501153117752,-0.649736863183762,-0.666680937559013,18367
"Al Horford",1.37483167890679,0.220677691854848,-0.420874290189875,0.647574776843184,-0.773328957986929,0.740273526466986,-1.6025726761333,1.35280623218616,21731
"Jarrett Allen",1.37204167043086,-0.527140050841662,0.263577230032931,0.115980405889105,0.104877746561187,0.807750212058283,-0.262921332471083,2.58484811247162,28521
"Tyler Herro",1.37109707880534,-0.806844701176554,-0.202540523793395,0.0602902854770646,-0.715379870175501,-0.00336480327488344,-0.70377100814414,1.19717579603792,26145
"Chris Paul",1.30506927938076,0.0156349409348241,-0.858723718544887,0.168170607573564,-1.11227305918664,-0.720790649617905,-1.07270495885865,-0.188257413082144,23471
"CJ McCollum",1.29397494163014,-0.535284502944334,-0.817349696877528,0.7635341611086,-0.582098984183752,-0.0820332082064679,-1.026796035093,-0.908693534848112,27510
"Shai Gilgeous-Alexander",1.27842234787563,2.15342167489853,-2.0614799335038,-0.433653030856305,0.012314894183128,-0.906866719481778,2.36805143342847,-2.00874420896886,32156
"LeBron James",1.24183686519592,-0.55352617099948,-0.0369043848784139,0.498242120453372,-0.634673685332389,-0.109158999943238,-1.01309741265582,1.26925253743042,29037
"Luguentz Dort",1.23447507974381,-0.373573597885121,-0.687109567119085,-0.673568963489445,-0.349963924328881,-0.238809682895216,-0.331474735782475,0.0288012482288844,27905
"Tyrese Maxey",1.23149406862569,-0.588518527392422,-1.24947071090328,0.0831538868719998,-0.137705509032908,-0.584949346693885,1.21925927196509,-1.05623326703239,26766
"Domantas Sabonis",1.21788928072374,-0.301779886200775,0.66734072246997,-0.157622022148344,-0.680762965426115,1.47057305127671,-0.942918797269628,0.667842643509271,33546
"Isaiah Hartenstein",1.21451103689246,0.675065213175582,0.377405339204067,0.315122191794956,0.624073243535045,1.14438912786871,-0.073819504122754,1.74398852414912,21075
"Zach Edey",1.21171355739899,-0.382958833791649,1.11958339840195,0.890947377586009,1.53554915953711,0.530670623360115,-1.10783916499167,1.34807830425154,6119
"Dorian Finney-Smith",1.20070384069423,0.692389847436378,-0.785208382748896,-0.467707922187875,-0.0872019408048091,-0.482852705653224,0.106342864484842,0.608854061018706,23222
"Jalen Brunson",1.18124818976355,-0.70594636141324,-1.30782063693621,0.0528655630496804,0.0394833554936853,0.225203579638664,2.51149295016528,-0.932775711055418,29796
"Svi Mykhailiuk",1.17208736908708,0.0249621353266389,-0.251658187142736,-0.0510792781554057,0.153103368121225,0.16130056725354,-1.66190151884031,0.313464751226004,6814
"Klay Thompson",1.1714705108756,-0.940799860447185,-0.163254717441516,1.08098486701499,-0.530763763746631,-0.529216313187038,-2.49013851172016,-0.227894935000389,27625
"Karl-Anthony Towns",1.16445701921965,-0.593504759933094,-0.0553625908789966,0.653851578885266,-0.84065450455061,0.243816549678218,0.426758136537325,1.25448369184198,22645
"Alperen Sengun",1.14486098699712,-0.43873703374875,-0.236275419437243,0.29342144150828,0.151273552061581,0.5152370324639,0.792035132835071,2.22250766436452,27272
"Josh Hart",1.12764891655028,-0.403543218812374,0.108057695199975,-0.222755468609802,0.433931503304763,0.490136931919085,0.420927024163816,0.612702549484094,32565
"Donovan Mitchell",1.11995114442578,0.750530547616933,-1.08571528562332,-0.72993833386352,-0.132010136494111,-0.0903706137259155,0.138194551712365,-0.147645807416686,27222
"Ivica Zubac",1.11921975780458,-0.326047023386578,1.24413762895337,-0.133294620132293,-0.558329956212716,1.61205587757654,-1.90761896270422,4.77530267630144,26815
"Nikola Vucevic",1.1183037553476,-0.916438626126329,0.209370843567608,0.712145938725356,-1.15799775442979,1.34928080278774,-2.79022264585756,2.00757982082704,31643
"Jaylen Wells",1.09969757409444,-0.636280338022852,0.463547220044139,-0.00325421466867068,-0.215841540589612,0.217958046568865,-1.22279085511516,1.43991039462486,8856
"Dereck Lively II",1.09560779186708,-0.142463748961889,0.139275513251103,-0.00446424218445068,0.837251264776459,-0.0117573832538445,0.0592026127356463,2.16655019644741,8881
"Steven Adams",1.08362328711608,0.0157563211042133,0.922409444949984,0.759914546245979,3.7481428200052,0.528871488393243,2.05494879144717,2.63702280743791,7973
"Aaron Nesmith",1.05844590179638,-0.299125169305178,-0.485528884609126,0.110132155950717,-0.535517810941646,-0.756063347281836,0.831797679666458,-0.725209371799034,20739
"Chet Holmgren",1.0478886664339,0.150080134782286,-0.0189925870814186,1.15294803348884,-0.748480762352707,-0.170726082438596,0.519464497171103,2.71897534967039,14069
"D'Angelo Russell",1.04763725021461,-0.26872650456384,-0.534384725470048,-0.332479676349144,-0.29582691293867,-0.697289224147188,-0.556241795199441,1.52629332621849,26276
"Desmond Bane",1.01262991893754,0.146504931508664,-0.381181775549444,-0.00941254763111043,0.0218162893405511,-0.536854705749531,-0.560460708847672,-0.907362570579514,23393
"Zaccharie Risacher",0.986017564720729,-1.0035743203831,0.770008717713447,-0.250165619372014,-0.743199548256181,0.348598802964437,-2.54336917869181,0.122620644090653,8015
"Ty Jerome",0.978532105068322,-0.274582545565957,-0.697205871389422,-0.454586655804034,-0.334129514537161,-0.441352662797519,0.551870464251099,-0.541908521641474,9299
"Jakob Poeltl",0.974218288345765,-0.576289597450416,0.962277984917161,-0.47999666346846,0.40837127440115,1.13652359324563,-0.661990385267815,2.05736768557257,20468
"Guerschon Yabusele",0.966236746975255,-0.553941078808728,-0.101913173998527,-1.14054009139377,-0.134006273091203,0.207174753519819,-0.10861174565837,1.36056786889168,7589
"Kris Dunn",0.963089561383163,0.628092956148525,-0.541058877315187,-1.56954474159022,-0.506516967785176,0.329675162034222,-1.54638025384814,0.242295504186511,15045
"Deni Avdija",0.961775866304731,-0.0547035872711338,-0.10438607971705,-0.115367621409606,0.133085983117971,0.00430180981938229,1.23583026728859,0.248374298006715,27017
"Ben Simmons",0.957318826129428,-0.669687193663203,0.27413307266575,-0.517911362867439,-1.71049073527639,0.598802685979676,-1.9147924960816,0.862907433476691,10597
"Georges Niang",0.890468214296803,-0.5248516163283,-0.515891719048843,0.780258531551257,-0.97152328363893,-0.490094587714951,-0.289755399050099,-0.70033582905251,20727
"Bogdan Bogdanovic",0.888701990356056,0.0862006238275859,-0.968665439292656,0.579221688969189,0.0810394902859729,0.469238420663582,-0.648970121789033,0.258967633809967,21903
"Myles Turner",0.888644614671106,-0.387156011164239,-0.203190679820588,1.08284295868811,-1.55969004724708,0.397475103296258,0.648094418336964,1.77568470302082,25447
"Tyus Jones",0.885603743307871,-1.44600607445451,-0.741029939859074,0.105530775788081,-1.70490377298882,-0.224239973359194,-2.29557175061765,1.03808183107321,25477
"Zach LaVine",0.885161681067841,-0.427953278768247,-0.182911939430061,0.64738518500263,-1.53215077424693,-0.188161902606129,-0.660969916467788,-0.225832628076964,25874
"Mike Conley",0.884620482416013,-0.594275322652748,-0.308004866841411,-0.243625132898169,-0.550960667099547,0.252736610841761,-0.410126462954182,1.25515768236051,24435
"Jaylen Brown",0.879876793005023,-0.741810927757152,-0.296425093011934,0.338603533217555,-0.25010068874721,0.132577713857349,1.45552524074799,0.158584702782818,28644
"Tobias Harris",0.877324609133101,0.918221645130672,-0.282127738203075,-0.0121997163754927,-0.294675474986937,0.51633666521085,-0.301777310006701,0.777998428510384,29047
"Santi Aldama",0.864440834166439,-0.482469850031761,-0.49853087726871,0.0655285206927686,-0.0541293752916061,-0.110196493445192,-1.19340331791046,0.433543298166759,20775
"Lauri Markkanen",0.861247814123552,0.21176117921674,-0.0531988237763304,0.617640044274378,0.640825855838339,0.31308930647669,1.11638506996649,-0.182787812288628,23421
"Kevin Durant",0.859910346930421,0.0212208055160349,0.515105869237428,0.90196592441344,-1.53307695689813,-0.234583052766837,1.26452289105672,0.935529567126606,27793
"Payton Pritchard",0.855929193664758,-0.0501196185996352,-0.795324319880163,-0.00551085572195151,1.01232755019708,-0.0638280152381645,-0.690282582268469,0.576915053337309,18939
"Bobby Portis",0.851553573049095,-0.550038344592907,-0.440147587525982,0.641659291361244,0.0713167821266998,0.0969861169539869,-2.80908455422972,1.02797664290062,21099
"Jayson Tatum",0.831147708148001,0.227979028966505,-0.818190363403431,0.187285526428654,0.0389070826676207,-0.310543302492492,1.3010652002956,0.834603226314611,32793
"Kevin Huerter",0.827839866596515,0.0091255131319349,-0.42864117585609,0.245583350599135,-0.793035692892226,0.103672819619681,0.607270988844791,0.342493214359472,22811
"Paul Reed",0.82662189286476,0.494572083669416,-0.297225164175555,-1.31773213023246,-0.00374107516850849,-0.0567982805905959,-1.57093392310967,-0.213727509037548,11316
"Josh Giddey",0.825071833554898,-1.13716963993125,0.393314299998045,0.390772448192993,-0.0799066389856011,0.0713164288436493,-0.500022296664339,1.2533939927114,27815
"Cade Cunningham",0.822203663893805,0.515056763983761,0.394009506932168,-0.349127042644255,-0.225945329451261,0.754387794161413,-0.155471329429796,-0.75545434569148,20684
"Keegan Murray",0.803353841838984,0.27394167886417,-0.148420410296209,0.444564363205593,0.231023033295476,0.178263412369343,-1.55996365217662,0.0921869473457591,31526
"Jordan McLaughlin",0.800029455973819,1.32427674819155,-0.146471073877461,-1.16271684665535,-0.766353357325621,0.0807993204875116,-0.372912756749093,-0.828570855902034,6792
"Jusuf Nurkic",0.795659751849111,-0.0358196442687518,0.680388151698518,0.664194946621124,-0.0230083489210277,1.03705975021022,-0.456292363219915,2.69662964459978,18751
"Daniel Gafford",0.792970430478468,-0.296972479261442,0.267420642232081,0.523893356665958,0.46685104909121,-0.937214737763277,0.374948296387399,0.953006278478014,19526
"Collin Sexton",0.79276660614332,-0.630544589646966,0.18470574481222,0.310882860666785,0.304881441332518,-0.219729518711983,0.735089501115706,-1.76122659337895,20876
"Chris Boucher",0.791097179273645,0.455363708746971,-0.739717504544304,-0.452726344425245,1.42534457307142,0.133996145438378,0.753865512251581,-0.573800151293545,12570
"Neemias Queta",0.786162267258681,-0.272857540037252,0.0907720997303385,-0.443036451920381,0.904093768070135,-0.227969409818135,0.438096833881602,0.234138142492328,4816
"Franz Wagner",0.777118975584123,1.0917453074993,-1.17593819307187,-0.332004066228403,-0.760076519985273,0.662502602874461,0.90959880714111,1.1734377965214,28591
"Brandon Clarke",0.775756957806199,1.174003608796,-0.0446983482545955,-0.55746653462718,0.145817845111996,-0.945388419148016,-0.774034112326616,-2.08077104523061,10421
"Cameron Payne",0.774786375933683,0.479399962258419,-0.639758015320066,-0.52960636701204,-0.0855444122942365,-0.285148637134277,-0.43300372683912,-0.888288201972006,13921
"Dante Exum",0.774033459041021,-0.185509714825731,-0.775057452034879,0.494358638077677,-0.642609706205294,0.189322653461149,-0.598404492060253,0.69052577381469,6118
"Sam Merrill",0.770046846150349,0.787133358745532,-0.525859662606465,-0.364858264546595,0.406740458044841,-0.153846617955692,-1.27617881863796,-0.257899474784379,10352
"Draymond Green",0.76043360271519,1.00877291024059,0.331706483118974,-0.754345489253543,-1.3334660772381,0.240325607020575,0.0891977327128097,2.38226742223217,24579
"Kenrich Williams",0.753468160508035,0.945281972984247,-0.199888518356942,-0.641697795248052,0.477927756566124,0.591475172351427,-0.670717758622631,-0.73389838374444,13978
"Clint Capela",0.742607545649352,-0.505186987436333,-0.147676802141843,-0.109037802207274,1.7230222380541,0.18838641743257,-2.01805489886137,3.00862925823438,20381
"Jonas Valanciunas",0.7407065327864,-1.17058464834042,0.820986399251362,1.05019899751689,0.0733933467087719,1.22279022691162,-0.632534818214558,1.49400303253309,22387
"Zion Williamson",0.735835849066578,0.162138225661197,-0.731838991907747,0.110299184701088,0.871820140694675,-0.342965714943077,2.5481850393959,0.0666878532523054,16886
"Buddy Hield",0.732200221215967,-0.158641625215083,-0.066881044540185,-0.0589010006713904,0.555706577340335,-0.432604422126437,-1.98057917801262,-0.813762937387507,27128
"Christian Braun",0.731963145988899,-0.0618806644099522,-0.396612758638154,0.178962762392721,-0.041650534209238,-0.337172676323072,0.80708072264495,0.38867097542228,22719
"Pascal Siakam",0.723754492694943,0.330427208907724,-1.19440774729477,-0.0626151274801398,-0.131187197843887,0.44179303989728,0.544378455690666,1.1694109339725,32558
"Isaac Okoro",0.722266599936935,0.470966757728475,-0.279971843133195,-0.28300927801208,-0.132834443172431,0.340173597073929,-0.567574628507455,0.109646730843942,18682
"Mitchell Robinson",0.715758458037558,-0.0781521393788387,0.271563587098831,-0.72240770806188,1.95826279021826,0.325385635680662,0.258875013754382,1.11403148827294,10570
"Onyeka Okongwu",0.713477552709639,0.0415761289589361,0.0705072243497701,-0.455889225287343,0.0541624581516042,0.269165805046342,-0.219510988297804,-0.511601632657884,22605
"John Collins",0.707688198207676,-0.212071647478297,0.623067952838753,0.790899381217128,-0.2556575338166,0.540211270361571,-0.645473007159715,1.3213681145974,22156
"Khris Middleton",0.705468941560627,-0.0244442302296205,-0.399947171612503,0.561027181972541,0.0149307307083086,0.255245089102211,0.484984150676625,-0.91373930007361,13398
"Gui Santos",0.700655969866491,0.927379512444,-0.242107641802826,0.016080920239982,1.3955913396564,-0.246389834373223,1.04326220319241,-1.30649116791761,3878
"Justin Edwards",0.695526404883257,-1.77756784170705,0.000451537884583693,-0.158205561080635,-0.312535180285638,-0.202535227353094,-2.10435463456843,-0.733628995280389,4733
"Donte DiVincenzo",0.689478827499048,-0.145423355087337,0.154841653668395,-0.398822353969238,0.035924038609276,-0.149796609318288,-0.786803482368857,0.685104491110913,24213
"Jock Landale",0.685019884005157,0.734903209403941,0.599912926435131,0.40060693062658,1.1078083512891,0.643141466043504,-0.181508472127286,-0.0663052550893039,9376
"T.J. McConnell",0.664785367575578,-0.10277011116993,0.00745930296085598,-0.788476629658223,-1.03981640296083,-0.101009572838,-1.23654539998273,-0.351874606049326,17973
"Tre Jones",0.660748832696492,-0.161434826267508,-0.810817970624395,-0.0221678204615764,-0.491611871994974,-0.149683540855158,-0.255386237427206,1.27189588425739,21381
"Joe Ingles",0.657789145940896,-0.438370070980744,0.291994002429771,0.203383559250048,-0.161190727047296,0.24732237289371,0.439387152370783,0.00507008437068519,9616
"Jalen Smith",0.652305957389872,0.0387422364839796,-0.392881594729335,0.612406156706455,0.227624728576908,-0.0800695133000996,-0.441230355724433,-0.580597482862996,14080
"Lonzo Ball",0.652176177852817,1.00469691503955,-0.612011861626861,-0.433899110954261,0.0976569405157966,0.28532743879899,-0.928967370525223,0.863803305734781,3376
"Doug McDermott",0.637550040770084,-1.17953182959224,-0.348870988402398,1.14938568136311,-0.00928597681834297,-0.401308472555069,-1.53724809787346,-1.31994776397371,10895
"De'Anthony Melton",0.634343617497417,0.122760245452602,-0.275267993057174,-0.42227041760722,-0.209214440022554,-0.255167779598436,1.04433343341174,-0.655638243650681,13431
"Herbert Jones",0.628980239269243,1.63725674056144,-0.320646167025059,-1.26759832508551,-0.598960466188892,-0.169354874592573,1.5058450268335,-0.711379345082324,20207
"Saddiq Bey",0.614391045591531,-1.12716520330019,-0.465820716160046,0.298841640420126,1.1271309431227,-0.223902135617858,1.81594679085213,0.225160169876026,17608
"Miles McBride",0.605560283676741,1.0122341815009,-1.37170754140116,-0.556919861484573,0.538106148922582,-0.716038007555971,-1.22391699455056,-0.538031332286981,14826
"Bismack Biyombo",0.605321828362806,-0.603755921296817,0.461757065747888,0.744595173923382,-0.120957506555935,0.141432315765554,-2.9137545804205,1.48993376109357,9023
"Kelly Olynyk",0.602113029554816,-0.539438881024731,0.801941454147071,-0.0406058121919364,-0.313000615218786,-0.439106486696902,-0.252039429611024,0.0563754706584857,19204
"Aaron Gordon",0.594140387709539,0.396950571261683,0.5626733985375,0.0789866827387087,0.267223533598965,0.460754822334997,1.41330799907661,1.30421446668666,23916
"Jrue Holiday",0.584523056127247,0.286984625711401,-0.593900623595547,-0.113725279856135,-0.501459277568977,-0.338810354262985,-1.13482785917018,1.84934263502801,26318
"Coby White",0.573410327849669,-0.39201419481627,-0.665457423138546,0.699423297751702,-0.24974696774728,-0.3626295276999,0.594871456929051,-0.0220862542449043,29434
"Malik Beasley",0.572004691997006,0.467696695932922,-0.39584880068808,-0.26104033399987,-0.391401042084562,-0.520559952982649,-0.397404453264302,-0.703751869586663,28353
"Mason Plumlee",0.569147409974319,-1.2078133249247,0.0687946649206848,0.0928967551623221,0.520256808510906,0.272780558920106,0.887644729862912,2.56930387396289,16807
"Harrison Barnes",0.56194164336513,-1.83118275950454,-0.807515161198734,0.530816111577378,-0.514769952805903,0.41521899972349,1.8601995267431,2.09918654254015,30425
"Duncan Robinson",0.560069194953695,0.0586900775699057,-0.0541982585182645,0.544165836416802,-0.781321753144869,0.359108217725846,-1.70120189477227,-1.09442238400224,17663
"OG Anunoby",0.558655135569258,0.446304854721852,0.0119989871546907,-0.857357355339584,0.0673589641056473,0.141598475933659,-0.46523013208256,1.30482746709927,27600
"AJ Green",0.558584441491212,1.30717551496488,-0.452483033181495,-0.279948376186586,-1.25598724622878,0.0212853454943068,-1.32775928404918,-0.342119791746009,10820
"Brandin Podziemski",0.541618350944507,1.01448040597044,-1.05413065637382,-0.800711015608678,1.35270156950377,0.139969314866572,0.122626515842811,0.941245284751731,15191
"Terance Mann",0.538921127891332,-0.856230897501638,-0.1133133325377,0.934831727347487,0.707778458035832,-0.130099972283056,-0.592597227126197,-1.22821444146858,21043
"Keon Ellis",0.531937993562622,0.414348645709554,-0.460195977547521,-0.468526876239849,0.468719887259625,-0.14299138769192,-0.162832057221654,0.947730665397723,12186
"De'Aaron Fox",0.521209431789812,-0.253744343339727,-1.24790047404129,0.0217282052898423,-0.0651440450415891,-0.0218960497362612,0.743614672115261,0.395907361538543,31030
"Rui Hachimura",0.508466692679327,0.202878228980302,-0.0976954409361196,0.162497262973445,-1.01346246245778,0.563418877064844,-0.53080214520745,1.86944202302305,21571
"Nate Williams",0.500375732606606,-0.0725929481210286,-0.0818253735851304,0.20787045438913,-0.0447243914683907,-0.184194974742311,-1.42607152115418,-0.908642513764591,1756
"Paul George",0.499547882773698,0.422423369403265,-0.163690552178121,-0.803312309847,-1.42309449878303,0.444108641296846,-0.262090317024604,0.934384000391724,23527
"Anthony Edwards",0.499047053837977,0.700490608847617,-0.289010368792214,0.217608856301049,-0.685033513426455,-0.224653885773086,1.78830276604258,-1.36777482695863,34929
"Monte Morris",0.492904824149699,0.0335930967425426,-0.805276428437917,0.536261260715218,-0.508026606775404,-0.466803518279309,0.438583431874628,0.917825181563445,11277
"Jevon Carter",0.488151670797385,1.04642301466431,-0.505405152504145,-0.38301824720336,0.223593236486,-0.21195970495543,-1.30315308813261,-0.51429956481278,13104
"Julian Champagnie",0.487069566179157,-0.400079221032901,-0.212637063399868,0.194000046448307,-0.69899280672631,0.343723839765742,-1.32946681594629,0.627559155756249,15766
"Alex Reese",0.479644047610234,-0.00229577666909144,-0.33046312783269,-0.213256329226941,-0.0337953337685137,0.156807558796953,-0.330721176147401,0.936862852551312,920
"Goga Bitadze",0.472352310166476,0.438023533601917,0.692342956418061,-0.658583839202647,1.32008428519205,-0.0682597842166451,-0.135650939613409,0.235306003353539,11364
"Corey Kispert",0.46184049450286,-1.01257231373799,0.15581065305573,1.16682580897869,-0.456817093704292,-0.0657586596271018,-0.250086320757013,-0.43315775943501,24225
"Cameron Johnson",0.455546931492597,-0.380188061298363,-0.122587466104124,-0.0514567580334833,0.0862820074779175,0.249615843434691,1.01376840908592,0.626710949635255,18643
"Gary Trent Jr.",0.442876176664143,-1.38457497874406,-1.25450850811408,0.0832210755280319,-0.324836670722508,-0.7451794394189,0.480783908112846,0.129167743449091,24808
"Amen Thompson",0.440885548254844,0.89215894081956,-0.590846451333839,-0.733604342225053,1.06091686542525,-0.238039608157204,0.0187613789225475,0.404192837209802,15053
"Daniel Theis",0.440741548779289,-0.204209764063232,-1.12924849040177,-0.42662958814664,-0.0373088523225743,-0.253085769701627,-0.965783830513746,0.298134846008656,7249
"Cam Whitmore",0.436120129549657,-0.20136083145144,0.362269201952041,-0.177758630256633,1.04076799503846,-0.420295335422828,0.144513660844742,-1.03908834594963,7178
"Fred VanVleet",0.432525564921361,0.991653055868689,-1.41944469003193,-1.27138651047568,-0.0519891134604114,-0.387203252423298,1.75677211095749,-0.954940100088876,29911
"Sasha Vezenkov",0.431702103484637,0.0961017470010147,0.368750778963743,0.152084701049023,-0.502167721762846,-0.375304474563744,-1.566004291636,-0.933479020913085,2142
"Nickeil Alexander-Walker",0.42916218278657,1.09414578560797,-0.318197038884624,-0.644619590314128,-0.163674722130489,-0.701382892542291,-0.276057718056771,-1.41215165919958,20111
"Grayson Allen",0.417755814951613,-0.902680523549791,-0.080154142987014,0.664296339184051,-0.392943397280575,0.373938179930493,0.967814733809837,0.731180453326076,25135
"Evan Mobley",0.410791801595239,0.646082551181069,0.0708086473622633,-0.119514967348853,-0.612944130067523,-0.16414898181932,-0.32027980665828,0.86639842604876,26374
"Kel'el Ware",0.409461616816932,-0.843671658412686,0.915169877136782,0.375653455648892,-0.344976930800387,-0.227555502677974,-0.682248151807414,2.83610069734499,5793
"Collin Gillespie",0.407597888046078,-0.555360868198638,-0.0955345297999105,0.000152213843640628,0.345106700733973,0.319649607255465,-1.26910008405877,0.670937748307613,2787
"Cory Joseph",0.400103150821273,0.339726278085078,-0.418540685592671,0.14017227521643,0.114751065695484,-0.350232438377527,-0.274337188401848,-1.86719136488292,8713
"Oscar Tshiebwe",0.393668491505544,-0.151131521008334,-0.394679438058445,0.0706687788183265,1.22819579758844,0.69851463994836,0.999754502185345,0.321032669519686,1230
"Lindy Waters III",0.390735115260309,0.164414282142193,-0.368437541587171,-0.370317432496701,0.0787162762774525,-0.0338035912780132,-2.01824618445551,-0.311711448641322,6551
"James Harden",0.384260159690391,0.0768976876338102,-0.191839566432332,0.0843070274859017,0.268148637415378,-0.402941947295499,3.48147284741092,-0.709980640909859,29841
"Mouhamed Gueye",0.367410996881455,0.503496248497883,0.0057305707304948,-0.485948704666045,0.124402818392747,1.12468963866253,-1.21574254224399,2.03233437779087,2609
"Karlo Matković",0.365365706457625,0.381636817652898,1.21173980003002,0.0849620986213639,-0.139962399512752,-0.268749569099091,-1.76233892863888,-0.494723471713933,3315
"Cam Spencer",0.360241129368319,-0.0725460815284316,-0.188706360660613,0.290431270598225,0.276299083235259,-0.407112017172007,0.0204693934064281,-0.31723586521142,1063
"Trae Young",0.35746645336783,-0.406848040254795,-0.797747381683699,-0.328308765258458,-0.188846015983506,-0.475341032480915,2.71987674433102,-1.25751245019117,31221
"Julius Randle",0.354099750490638,-0.498299276932385,0.201686794422171,0.732490704773465,0.437378710488569,-0.0885431521956811,2.20179739465844,0.834660651723539,26776
"Dean Wade",0.351376548804547,0.839852714936326,-0.503356675865632,-0.303166846220251,0.03565967218898,0.400544720781383,0.133239737930683,1.51026880402781,13364
"Isaiah Joe",0.348112558295746,1.3275019521158,-0.626578521502797,-0.477009145270805,-0.176781522034782,-0.67362201375566,1.59285424211025,-1.92645063846404,18659
"Dyson Daniels",0.344542092511187,0.0636442877655331,0.425731429363417,-1.08171624333135,0.637415112759813,0.287351556116922,0.251993731175856,1.11272568568569,21005
"Sandro Mamukelashvili",0.339149689530672,-0.142787924731349,0.0695870002027016,0.041955115708648,0.8918786266893,-0.0081865720867374,0.100963359412676,1.27537462295782,7506
"Cam Thomas",0.337282448598581,-0.89075846932992,-0.681193047413306,0.625873900378984,-0.596030559337553,-0.144611854705907,0.170361415024359,-0.446415066190886,15546
"Branden Carlson",0.333114489489633,-0.0621248696604735,-0.224907597527912,0.698181697816572,-0.232622111358594,-0.176139183332843,-1.18557141834179,0.279533088118451,1028
"Jarred Vanderbilt",0.332681372411635,0.00507031052077388,0.672620800175684,-0.185742600452619,0.786882393665129,-0.0216151289262343,0.699155433832443,-0.973871843534024,12718
"Mikal Bridges",0.3264875999039,-0.201288621717897,-0.574158742517503,0.240079314638534,-0.103443292713498,-0.119882479438985,-0.140606704324132,1.41933559663345,36079
"RJ Barrett",0.324711421426239,-0.332147878779484,-0.186377031364859,0.466877763188432,-0.00966494959612499,-0.352140491460641,0.478701040186354,-0.386066600970695,25794
"N'Faly Dante",0.318026905173392,-0.0120541670342222,0.00348738048190023,0.226539637332584,-0.151527097550506,-0.0834833314210241,-0.341105476587753,-0.707906650795724,221
"Ryan Rollins",0.317866560066661,1.00780117037025,0.446335533816861,-0.646785083737291,-0.476879386054642,-0.39867773943095,-0.054607676561991,-0.790161288666471,4015
"Cole Swider",0.309152536669052,0.545890867608906,-0.202082147645423,-0.000631028091845238,0.130570187120442,0.180234580861041,-1.41757739918556,-0.0156394622683114,1254
"Thomas Bryant",0.305868209078355,-0.837355188969879,-0.204460781486427,0.194567899167686,-0.875317539030846,0.0594613406473125,-0.515749117704874,2.2070149076362,10366
"Armoni Brooks",0.30526066422148,-0.164976409009219,-0.294395753564551,0.110076769312708,0.324418386407356,-0.23057675798309,0.598956791067339,0.363523546875153,422
"Richaun Holmes",0.302485093519247,-0.00691162703875958,0.404226399943718,-0.0819428288524218,0.50299400576884,0.307952401267114,-0.487714048587395,0.118733250974936,5995
"Jared Rhoden",0.302185282787876,0.00586079673155635,-0.392643487306964,-0.0122677637414958,0.212469196628014,-0.29509574607718,1.05512423694178,0.100423507139517,2764
"Kevon Looney",0.301884978228941,0.182258768810025,-0.235891239283421,0.851156230130058,1.72582293164195,0.546503623224338,1.26040353508742,0.800334783289546,17802
"Kentavious Caldwell-Pope",0.294621161841635,1.27183833183971,-0.236303995566121,-1.09571447684801,-0.650291992400313,0.148024622392085,-0.233304939427567,-0.88630409394354,28740
"Justin Champagnie",0.290433802106163,-0.365667024181064,0.199122218418488,0.258050770938086,0.384685830976313,-1.01078842551839,-0.00868829877458074,-0.267730326465972,6830
"Gary Harris",0.287649680525133,-0.173518110966132,-0.443195385357659,-0.399916810242997,0.00656609748833747,-0.134326010533157,0.914796244623033,0.294967947210728,13015
"Austin Reaves",0.286123151238949,-0.774733060568259,-0.399808423156835,0.392328754750503,-0.488180827797578,-0.022625864777726,2.85144738797807,0.423152680168099,29400
"Frank Ntilikina",0.285897036946107,0.250140833735523,-0.659540377971677,0.282462499837003,-0.230657347916843,0.0823715028875773,0.279288482116125,-0.754275121558574,2701
"Jalen Duren",0.283936107159495,-0.698276128668225,0.726100962506593,0.434509622157376,0.495338992852523,0.379795456583052,1.1876316807268,0.434155904097636,22836
"Brandon Ingram",0.279670638261069,-0.266542060800472,-0.167700317480185,0.516020300796276,-0.190918255550729,0.0173409204664462,-0.0984267445796171,0.453709372434108,17286
"Jaden McDaniels",0.279568350625735,-0.177135996002958,-0.15202552815734,-0.108654746811955,-0.202775171910565,0.0827552352998209,-0.482491971273832,0.147813353388632,29298
"Tim Hardaway Jr.",0.263929653224765,-0.98901907572467,-0.971569101986621,0.314212907869844,-0.485164206373957,-0.762421846338599,0.95152794178954,0.163229453587251,26565
"Davion Mitchell",0.261085989034388,1.04411779401515,-0.547264125403645,-0.720436565649586,-0.73793215294928,-0.445045559806469,0.0578088077743474,-0.519326650403639,18735
"Ben Sheppard",0.254620069348886,0.490104602092897,-0.843642461538234,-0.011425301528738,0.386680119455853,-0.713518867131212,-1.12117778616447,-2.08499757573017,8627
"Brook Lopez",0.24548027707264,-0.199276977883653,0.0770172404917291,1.35879579482628,-1.18293330245654,0.734523682312222,-1.30722743479845,3.31614709412829,30800
"AJ Griffin",0.236840540664446,0.0142821597122253,-0.318852828672271,0.0600575524492484,-0.358690009769354,-0.172598550711258,-0.811863631835922,-0.184571152445532,6659
"Jaylin Williams",0.236819209299197,-0.0365774244318621,0.37660354218493,0.176237399338786,-0.0669164589378622,1.35650846131517,-0.783110656851821,0.765444366324484,10817
"Blake Griffin",0.236622731153935,0.253265559347658,-0.0921156854009932,-0.271982444054357,-0.187571602517899,0.553473469143767,-0.995586984621793,0.104212165305435,2357
"DeMar DeRozan",0.235427522003518,-0.183233559214728,-1.72318085007065,-0.0706848852043951,-0.524041044466807,-0.170545755662551,2.01142369307657,0.196152036690424,34557
"Brice Sensabaugh",0.23483107434128,-1.28890126568594,0.0957100999403377,0.506272629934993,-0.677277543727077,-0.0699013372845728,-0.761031559036693,-0.721379770504411,8537
"Cason Wallace",0.234472600085761,0.267906511767244,-0.431878658302517,-0.886093781672023,-0.101719841299123,-0.11998653605699,-0.829125213577945,-0.374380621862793,14947
"Derrick Jones Jr.",0.234057324825337,0.521881492299146,-0.0227579456256074,-0.426157139868529,-0.290339964666196,0.5324522172806,-0.509794697684812,0.476910636578254,18958
"Anfernee Simons",0.233884651674255,-0.739784489349814,-0.764364035766725,0.743354365320243,-0.0464693903441637,-0.482267097216064,-0.539792884801447,0.615621519377445,24740
"Drew Peterson",0.233320145958839,0.495723895916916,0.31155902361322,0.149131084179899,0.0917000378137668,0.00054392039606658,0.225922559693526,-1.30804658431387,821
"Andre Iguodala",0.230184403625051,0.0687743993830105,0.0140795547535652,-0.159982707703984,-0.168428664039231,0.0212536027519106,-0.476300367459006,0.0893180813060404,495
"Day'Ron Sharpe",0.229290575926938,0.768157289105497,0.591659167259156,-0.180410018950123,2.42839895477799,-0.263952685534258,0.630753370408679,0.0807110589141776,9599
"Naz Reid",0.227057340003237,0.77898321130277,-0.406011284256516,-0.259346296585374,-0.405886315417243,-0.18521837919608,-0.935568833459802,-0.221244224861809,22438
"Duop Reath",0.223806769461772,-0.562939290389083,-0.11977598229169,-0.169185623032832,0.731426411185116,0.817689913962758,-0.293297813797859,0.255016975221531,6872
"Micah Potter",0.220188625366709,-0.385080204723765,0.0191783935885243,0.886033721408947,-0.108991464575374,-0.701250065978358,-1.68868398420036,1.52901896011492,3927
"Terence Davis",0.218504271076113,0.296456959917402,0.0682071915961777,0.0978717727478652,-0.464145694125622,0.203041801574021,-0.88377337176958,-1.32435527063684,3632
"Jules Bernard",0.208748234546076,0.18400552528654,-0.0693092657207628,-0.188394485845164,0.535928940322767,0.160197360179355,-0.560117299326836,-0.438893557142459,636
"Tony Bradley",0.207443729425135,0.509815030408489,0.129070280746034,0.0784489507902616,0.668918553904765,0.42662753381683,0.458429247198061,0.524690229601498,636
"Yuki Kawamura",0.204218739496533,0.0981797580612016,-0.108896465403308,-0.0778247108131315,-0.442860099403288,-0.16239126145353,-0.165496930321379,0.773581490193632,395
"Marvin Bagley III",0.201182470012705,-0.0214133309916122,0.0386282059735274,0.335027378820335,0.269725899767051,0.583580166664696,-0.456403525205251,0.954995459678549,9669
"Harrison Ingram",0.196850981849843,0.239027021529472,-0.000747443797748954,-0.0457222392471994,0.0742008943782969,0.106757750857133,0.0947264013876228,-0.189146870757703,151
"Kristaps Porzingis",0.191196135566845,-0.195411361220302,-0.45417027431161,1.07561012264081,-1.0259043005982,0.242817838723793,1.46248283521284,1.12196714954923,20773
"Toumani Camara",0.188742017997811,0.951911523190458,1.08417995219263,-1.29896344678316,1.1791635792895,-0.0527976994077017,0.168284849039581,0.324315073817235,17626
"Bobi Klintman",0.184367825346079,-0.00343379333715387,0.0835397651946354,0.0696352181541293,0.117194294695526,0.262096001903204,-0.0468554481046221,-0.691595852017625,165
"Moussa Diabaté",0.183748464417567,0.844327328429154,0.67625109117302,-1.13169833760601,3.55951272020699,-0.226456132423251,0.354113977822282,-0.274483809473099,5998
"Jahmir Young",0.183623889580852,-0.17993115023654,-0.0309185269453252,0.130056678963132,0.0141373490239573,-0.00942986578775643,-0.139052451752608,0.069410196799362,130
"De'Andre Hunter",0.182619233596781,-0.261709771865765,-0.369968610484912,0.017206687520189,-0.455671711307326,-0.22311542618116,2.11536944981237,-0.211239343181091,23468
"E.J. Liddell",0.179674803626867,-0.182302457460844,-0.0072814596202829,0.0416515336762337,-0.223072992005874,0.126652154474445,-0.266261252705938,-0.270790717651731,326
"Elijah Harkless",0.171923266064232,0.338652281853744,-0.144791747153105,-0.589106052627062,0.45006186194497,0.288455982265418,0.131325268003042,0.169850471371373,569
"Rodney McGruder",0.170513451393047,-0.00908134670398121,-0.054944980421242,-0.434557952422354,0.436962270302777,0.0841125728150997,-0.085985935252529,0.164561440721125,2171
"Alex Sarr",0.166496313911726,-0.187858720891251,-0.135793634185021,-0.133586832620245,-0.30404596475355,-0.0898487893733585,-1.06962917076526,1.03240625802357,7819
"Jalen Green",0.164672733603128,-1.57469423038283,0.276975437924652,0.552489076737992,0.117136412532444,-0.299153673092306,-0.0879023036051621,0.631514310651902,32736
"RaiQuan Gray",0.162623658387891,-0.133442271820864,-0.137403109523895,0.167239299630336,-0.0802572831586218,-0.0664428819903321,0.0197768726427595,-0.157029514378804,304
"Stephon Castle",0.162088054050088,-0.816049557605291,-0.195134595586586,-0.253116031294938,0.585239065465782,-0.475527119278313,1.08756957452892,0.351758559804439,9091
"Stanley Johnson",0.159523373971045,0.0326756442853403,0.157486028330626,0.122656548016405,0.330413924112982,-0.42027786138632,-0.0212857865578029,-1.23830209706091,1990
"Gary Payton II",0.154427836940086,0.235153149338849,0.0448189795195781,-0.676049324039539,0.203713050536786,-0.119625441136977,1.12104519897416,-0.908701558285517,8173
"Damian Lillard",0.152139117294606,-0.17709172587485,-0.675064129155238,0.569736467848077,-0.719498071553172,-0.279285220159717,3.48307165683525,-0.266033180248267,28309
"Mike Muscala",0.149996398178629,0.0665663293854101,-0.26739038143617,0.465089889102994,-0.491588797012763,0.368602275953466,-0.00780727743505968,0.584682727948096,6560
"Scoot Henderson",0.148984017625176,-0.580957207852176,0.462264049544701,-0.130940535953169,1.15837998023572,-0.327311351713295,0.559391792378007,-1.07241792664093,14509
"Oshae Brissett",0.145456566273594,-0.105887730962307,0.125076866598159,-0.37719051868242,1.08305564080313,0.0627792169756425,1.84498791345042,-0.0878563790114273,7723
"P.J. Tucker",0.140796590103653,-1.07232691646104,-0.101381950306527,0.137369521489541,-0.399576893496442,0.520004028695502,-0.653715703432017,1.27943319796172,9855
"T.J. Warren",0.140329226131414,0.872507444982658,-0.322065740936149,0.0277545437419229,-0.019926249772786,-0.0282258188359902,-0.595879058461196,-1.45262216000023,3398
"Mac McClung",0.136558293906461,0.0678456067733133,0.0161485270333799,-0.0410379411029318,-0.0829095159306835,0.165963052422294,-0.41245869980023,-0.161873579036526,221
"Trayce Jackson-Davis",0.133381240262572,-0.784007796453813,0.427028705225062,0.43418216758556,0.83790497325046,0.576958722603234,-0.840470916581,2.59442276421675,8751
"Patrick Baldwin Jr.",0.125306821302157,0.320478304730962,-0.390672719568083,-0.411778036036403,-0.0771534840238328,0.981726907802718,-0.275141230249466,-0.324854690091043,3523
"Ja'Kobe Walter",0.123074601801195,0.450022800847378,-0.206625623045068,-0.359583309331158,0.0484884279343527,-0.559537604102314,0.0992438590151861,-1.99251775022874,4569
"Aaron Holiday",0.121737092298083,1.10611901774518,-0.644941867656601,0.2439323514401,0.216218081072155,-0.276933103856637,-1.1703009558603,-0.725807161058174,12147
"Craig Porter Jr.",0.12125165593217,-0.840033883629333,0.795946685171557,1.13565609014206,-0.489773542870645,0.568372694112695,-1.65514693236078,0.865527078765482,4715
"Markelle Fultz",0.120681537808346,-0.324853761267054,0.271828639634255,-0.160477121486474,-0.553992096974027,0.725218711457881,-1.31587664852897,1.20262202505113,11874
"Shaquille Harrison",0.118382051802238,0.0171107893609178,-0.0463105790033477,-0.124770680780855,-0.0559545187495367,-0.0227184492375099,-0.305610323392856,-0.0667241900311798,530
"Brandon Miller",0.11794027748004,-0.648240012228197,0.136284541789834,-0.591998476574235,-0.174373810917957,0.694117971223215,-1.41623749682232,1.23033610001879,13542
"Luke Travers",0.115034480889945,-0.0748188394227224,-0.00402887059670336,0.435508098710367,0.0686975967543087,-0.586371926462326,-0.574975823555405,-0.0970293741001634,357
"Trey Lyles",0.114161651598095,-0.125183162919515,-0.474680615585487,0.202767787764097,1.12829326127089,0.105185317209757,0.328380434323909,0.341765526186843,15609
"Jason Preston",0.112051441872521,-0.0164667168814751,-0.318145631614032,0.0954521960682583,0.00671640105526256,0.173334623510624,0.32154337430305,0.215892375172983,813
"Jalen Pickett",0.110941183212011,0.32633907926529,-0.181788192643814,0.50289039682929,-0.0808379502074748,-0.0725092329234167,-0.61876536586213,0.68840648896316,3188
"Noah Vonleh",0.110152828713015,-0.151782541317571,0.241500754368244,-0.0945272789903043,-0.132482084766785,0.119462913534468,-0.947067433010485,0.581810295486308,707
"Grant Williams",0.108004763517426,-0.222515744013966,-0.348064664600408,0.378770897583,-0.438939842334188,0.236160388189868,0.0460805589495333,-0.0824808937339815,19121
"Amari Bailey",0.106925877443916,-0.0619102867381499,-0.0467765137481706,-0.0014325457758515,0.120420217094858,-0.0809549811411038,-0.0426297259191302,0.587972824339211,261
"Ron Harper Jr.",0.105992042005678,0.0830856585708628,-0.0650989002971187,0.0157755100715278,0.275651077447777,0.12868246682566,-0.0166117756564943,-0.719802475143656,274
"Gabe York",0.105500574865981,0.0241304276530243,-0.133757155444135,0.0256436246117094,-0.154655308694064,-0.00279827005753791,0.176126205187537,0.0167929323827849,233
"Taurean Prince",0.10231727082251,-1.20801090979477,-0.350607140877093,0.0211539358577591,-1.15105635202858,0.0496384707034982,-0.524017405246342,-0.0693535662674386,23082
"Xavier Cooks",0.10040360929611,-0.0118409310460898,-0.0903809994774432,-0.00367364872077989,0.0729195641076747,0.0108549155680172,0.343064171065254,0.133387900568316,560
"Meyers Leonard",0.100169647460893,-0.252827081971265,-0.0089903669227424,0.212044742584308,-0.216056860243219,-0.020223392658565,-0.373718090900556,0.446100827212066,470
"Dejounte Murray",0.0973787621883781,-0.946200940238136,-0.423174487522995,-0.283742105028042,-0.378320012863932,0.49459544195589,0.25357254539877,-0.318160573813206,27365
"Louis King",0.0941797763407972,0.00542590933185549,0.0154969609653507,0.0386479390500137,0.0148119195409315,0.0379643213371875,-0.189036578986379,-0.232130358179305,124
"Victor Wembanyama",0.0939220381201448,0.947407644381862,0.746957313306713,0.114297511373555,-0.503897648565553,0.687131665793955,-0.93630614949878,3.82209983079353,15403
"Anthony Davis",0.0930699754476487,-0.013896567907089,-0.427167858235841,0.301599184900501,-0.143341066980997,0.58329347017097,1.8632426047517,2.98422707054994,26402
"Scottie Barnes",0.0910163198418025,0.376047053858455,-0.305502901742001,-0.398656537393279,0.146055960579493,0.231814903811842,0.0771046820506863,0.4889256697026,28683
"RayJ Dennis",0.0884147526521247,0.398451293237152,-0.0728260718200057,-0.138376787333685,0.368560459108716,-0.285044697834917,0.0189711206266553,0.177344834845474,298
"P.J. Washington",0.0859639742265155,0.413809380655629,-0.204081481803879,0.0527014640355689,-0.167838798396736,0.225740065988249,0.577167232599465,-0.774433032923942,27131
"Max Strus",0.0851853076114338,-0.219269195330016,0.0519383819443551,0.311457383528998,0.182446489104773,-0.319920139221525,-0.235842199775216,0.389394450040812,23729
"David Duke Jr.",0.0839527171982077,0.298418839288747,0.157882110437183,0.176049731140355,0.00912549275549589,-0.0777591212044766,0.183749786354743,-0.871416403847159,1304
"Jackson Rowe",0.0833109957225388,0.31447220539724,-0.0825730353534752,-0.0399079565398924,0.351644045513621,0.244848503336952,0.870515121528565,-0.938466583829268,223
"Rudy Gay",0.0805197105223212,0.196066717822348,-0.309660638158849,0.0466858504696284,-0.312167255937826,-0.103101520384853,-0.517355324092853,0.409359259575921,3457
"Jordan Ford",0.0798976254234232,0.0200668861802448,-0.081344634486756,0.0281356793821606,-0.119379836747221,0.0937375457772559,-0.053589875913827,0.222858418296486,85
"Johnny Juzang",0.0749523928316122,-1.19371689039598,0.208477691948303,0.780257547014233,-0.671395654723705,-0.33333072341267,-2.34024440825387,-0.437600292258026,7818
"Davis Bertans",0.0741142058356455,-0.190801159019115,-0.394192108671751,-0.163317423311304,-0.559490280892366,0.0959421208364929,-0.309568534109243,-0.614743292486259,4740
"Dwight Powell",0.0736317800201326,0.148897471812941,0.282413284263162,-0.389161326176197,0.753504681009596,0.635851061756508,1.35449591864327,-0.102835067334596,11648
"Isaiah Jackson",0.0717395682725242,0.390117477846301,0.735825649171223,-0.474736380485961,0.663539747069018,-0.657486862009075,0.450621779619953,-0.462429344894476,8074
"Juancho Hernangomez",0.0710229154800985,-0.301602790794526,0.0133553957064629,0.186619194073912,0.221559003071262,0.278425998576136,0.496148741268474,0.542161965419942,2504
"Henri Drell",0.067414260687801,-0.00954466113800538,-0.0158082478277135,0.0159995636550256,0.0994061245609706,0.0110344911223762,0.146085913889564,-0.196308160961101,133
"Bol Bol",0.0647210829754239,-0.39725292946866,0.828861581875884,0.414317431017909,-0.425252481432396,0.260886817076012,-1.70662609740153,1.20070728016916,10092
"Pelle Larsson",0.0635697237389926,0.254715229832952,-0.629769393513944,-0.305471921431396,0.00670806910304838,0.434549489166565,0.262095626573868,-0.193267408876808,3153
"Devin Carter",0.0625786732763379,0.416822344321073,-0.432732629295313,-0.409866822792021,1.12295738258764,0.270280437667059,0.825459921722395,-0.423701439442709,1620
"Miles Bridges",0.0620445755173026,-0.409387653986187,-0.630599288117751,0.281018889746105,-1.01129371064968,0.0566922113086518,-0.692013361302616,1.29503969693931,18984
"Terrence Ross",0.0618437282989918,-0.0719883074320927,-0.548913228315422,0.455750407228228,-0.493405389823196,0.0447512585652837,0.391723584556188,-0.925537851749084,5510
"Joe Harris",0.0611705875692848,-0.118415551357392,0.014832619099985,0.158884808206588,-0.656056765773643,-0.713485879658709,0.146935792371929,-1.83554251503001,7021
"Delon Wright",0.0610409987459546,0.726098580026348,0.60172868552487,-0.730589699302356,-0.102509779278889,0.212118046149939,-1.59267048782534,1.10640391961876,10643
"Shaedon Sharpe",0.0594446442970386,-0.791313517012791,0.0590172614240226,-0.0936258941746866,-0.707407631857792,0.262201137501876,-0.335272933114997,0.398510512461607,21095
"Jeremiah Robinson-Earl",0.0580369334290533,-1.25379641690162,0.694017534740052,0.757726736444041,0.92326346723066,0.62233323646269,-0.705389771974039,0.944633265244791,10006
"Joshua Primo",0.0571900002923659,0.124151035078847,0.123331149657918,0.0526974861802784,0.0886922194269469,0.0591830631750211,-0.139991065785236,-0.197236394705603,444
"Ja Morant",0.0566921332696273,1.29880798311825,-0.0515272241715456,-0.0964795732418858,0.502950747621541,-0.297569112948484,3.44850615468264,-0.955656968458589,16206
"Deandre Ayton",0.0545153586336269,-0.841074314980589,0.46327299758874,0.19723931713464,-0.735124261936105,0.503523345284602,-2.049931337391,2.21042897477643,20479
"Jimmy Butler",0.0538381360466806,-0.376376078780283,-0.567991310984728,-0.766716737037062,0.105279390232133,0.0800797132767991,4.01018463669439,1.28988922459902,23910
"Gradey Dick",0.0518885860456743,-0.886780615645691,0.604670549164348,0.120903652997326,-0.0343895905641403,-0.284627938926,-0.81389247506148,-0.830194577033663,11945
"Deonte Burton",0.0512004558589806,-0.0064588820082013,-0.00144400330231753,0.00731916236723166,-0.0274501685860083,-0.0176919449506751,0.00847513560413179,0.0504401878126886,29
"Jared McCain",0.0507219198285312,0.258601168823825,0.0101040079218504,-0.182756710339186,0.081695594276212,-0.0550598677451648,-0.651161287724034,0.271277937479023,2393
"Javonte Green",0.0500519043641348,-0.297019264365794,-0.325672550112899,-0.544379634307053,0.25827450181517,-0.0846790283268238,0.270726061353541,0.512232208827226,8196
"Emanuel Miller",0.0476392002070593,-0.135852043673263,-0.0485807263682485,0.136046598469191,0.0703435824982345,-0.0383914080411264,0.0977973078004774,-0.107856182862972,104
"Tolu Smith",0.0457817585719236,0.0298466306045726,-0.0645285858649379,0.0137280120200778,0.314093178204146,0.0882081525821685,-0.0611441919778886,-0.187286786588837,89
"Carlik Jones",0.0418389768358242,0.0643650025548886,-0.152505713972867,-0.100073047955601,0.10698896647047,0.129413415151206,0.202503617557707,0.154637316646548,233
"Andrew Funk",0.0384986065293081,0.0238201283774633,0.0315915608479136,0.0333778997154772,0.0528501778365821,-0.0375865316841882,-0.210077223240091,-0.114594148466071,55
"Alize Johnson",0.0362887841287247,0.0388632430168491,0.00761087866336374,-0.0505115601009346,0.0400596935643037,0.0360779057679261,-0.0145112352681936,0.173850135614356,123
"Lonnie Walker IV",0.0360660103770632,-0.588139434863247,0.390663776092872,0.710931067209637,-0.360232801064765,-0.10494814577182,-1.60006676430753,-0.934888065602058,11708
"Dereon Seabron",0.0352356992030841,0.239042846159402,0.110076728383019,0.143980728155425,-0.0911932555979834,-0.0689541292376901,0.381456832757238,-0.0955554540039895,277
"Izaiah Brockington",0.0349394116540552,-0.00563992683195115,-0.0407699849090493,0.0388409687810757,0.0989107422217572,-0.0310976635170682,-0.0299025823803459,0.0287601287666522,16
"Dalton Knecht",0.0347806065659078,-0.537910391809651,0.210527278114298,0.533839267229163,0.270428870209678,-1.33842264086773,0.380036592332634,-2.18250461613507,6037
"Malcolm Cazalon",0.0339424020365735,-0.00744023187182821,-0.0260959852962858,-0.0354523601115268,-0.0277686777000749,-0.00249925523112024,0.0940108880592631,0.0758971783314163,11
"Andre Jackson Jr.",0.0335375255776384,-0.677734553277814,0.550793700462736,-0.385849425888718,-0.0208140175813561,0.0565546132237158,-1.98159795872095,-0.479144644852691,6489
"Jordan Schakel",0.0329239822473847,0.0181569420087705,-0.0284489944660078,-0.0530279590073283,-0.0389049590773422,0.0400396576808682,-0.0574241625688503,0.010699688716083,22
"Luka Garza",0.0288697668492565,0.279282736445745,0.0208194981508776,-0.370746268977946,0.366973944814896,0.408843846374613,0.481172249610652,-2.11810672523282,2492
"Tre Mann",0.0282910429329944,-0.0279709870095657,0.00984145686671772,-0.311125174892,-0.635513134187495,-0.750313629712076,-1.3086898087073,-0.32537181015452,10255
"Daniss Jenkins",0.0279030420180114,0.00710993267521364,0.0417852004104707,-0.0348531753393682,0.0787595385785089,0.245460832060668,-0.380308858198523,-0.403534852779419,86
"Donovan Williams",0.0244513410714672,0.0371253965186383,-0.00600312200916314,0.00727930679173047,0.0412024516686094,0.0102979965568061,-0.0459227173931152,-0.0338256558116269,19
"Jalen Slawson",0.021818263742972,-0.00929592105443412,0.0306872213142555,0.132229231840722,0.109967425718747,-0.141036020790025,0.0341293559664736,-0.298650287548186,140
"Bradley Beal",0.0215561083579511,-0.515247116318635,0.317144021295059,0.183442763103806,-0.966012890033734,0.648173715406398,-1.3286440085623,-0.817447253441597,21149
"Danny Green",0.0214277938490101,0.0708263378335295,0.199667894414948,-0.151942074087797,-0.313894883179643,-0.0827462783786815,-0.57663111162413,-0.642417321046422,646
"Jerome Robinson",0.0212663006321756,0.17805368280853,0.0569366982636985,0.0318972244264672,-0.0714821545764235,0.162834419603148,-0.283429156104561,-0.0154436736033006,337
"Filip Petrusev",0.021170286627652,0.0305158857981125,-0.0174462191598776,0.0365437218709205,-0.0175343376091537,0.00847291741168552,0.056585804035454,0.137707338593488,36
"Alex Caruso",0.0193608755326471,1.53270691468925,-0.214303528685399,-2.23779439324148,-0.27128299853038,-0.43541771363344,0.6559970235949,0.231685132501655,19140
"Nate Hinton",0.017594279536525,0.237971600467215,-0.119750863594886,0.261039771667636,0.0320522423678092,0.187246632680152,-0.0647098635207334,-0.979085866128305,339
"Isaiah Thomas",0.0153986518433338,-0.0709622079567061,-0.0734829231382586,-0.0219052106510162,-0.116534070697742,-0.128915193048382,-0.280227068630627,-0.004686160660014,76
"Adama Sanogo",0.015085414993121,0.0284085749044749,0.0423852017417224,-0.179223753005928,0.415523115011667,0.170991236939881,-0.137686158848717,0.243578331691836,366
"Jalen Crutcher",0.0143264810387312,0.0186492165048328,0.00988227093099922,0.017456388507018,0.00812196466212934,0.0221709837750353,-0.0495527753757864,0.0287842624838635,9
"Robert Covington",0.0143181113799291,0.83100986080088,0.118124125003607,-0.370719784614645,0.541610109673204,-0.623022484214435,0.624058690753807,-0.829337999444093,5199
"Malcolm Hill",0.0132587597135398,0.0638857848826923,-0.0485568990690608,0.0164126457688731,-0.0600435300120292,-0.00979631577081387,-0.132585613203992,-0.18188984994791,42
"Jermaine Samuels Jr.",0.0125347448478748,-0.0354663399651089,-0.0369795050921097,0.210716283082706,-0.158892515157922,0.144899415602319,-0.37365061337018,-0.574966235738957,262
"Jarrett Culver",0.0119851858606402,0.0497338119284333,-0.0651302481276591,-0.142416700335964,-0.0246879149407287,0.126860051552028,-0.176791388088005,-0.104702574037206,574
"Dylan Windler",0.0118782527749215,-0.111491558795325,0.240540048154518,0.303557315388299,-0.25739497302641,0.0915305562360211,-0.120108469755103,-0.028236470347126,482
"Charlie Brown Jr.",0.0118695868163117,0.036645508148125,0.0602284856973202,0.116622066882576,-0.0312387637252258,0.0119457801769471,-0.148853002809054,-0.0887920514004452,144
"Marko Simonovic",0.0110067853606849,0.0690020154001297,-0.0734127552549058,-0.171263595731848,0.00306002903988896,0.0494088465600878,0.0042093890324328,0.0440337318626004,89
"Sterling Brown",0.0100948640778898,0.0627086368713008,-0.0240289065693471,0.0205352605180996,-0.00767936872060338,0.0157192077089793,-0.109028297288923,-0.276783223531932,116
"Jahlil Okafor",0.00963789806464953,0.025178814139468,-0.00773092554696975,0.00336000444304833,0.051395705101416,0.0566963849678651,0.0332940450636676,0.133082791158102,15
"Harry Giles III",0.00869633612691178,-0.239720522376467,0.148914897765785,0.163589006549766,0.21159680629388,-0.104470242045687,-0.210580256496437,-0.246329360873802,412
"D.J. Wilson",0.00838585300057188,-0.00205602719641066,-0.062211299200185,0.037103163942899,0.0175341848426784,0.0473438943712897,0.0600132395908294,-0.0436954697629622,59
"Dillon Brooks",0.00836982464451552,0.815458807777062,-0.735323649585443,-0.207435069468797,-0.182840033391928,0.235656931529948,-0.128437225198401,-0.206186455432843,28248
"Zyon Pullin",0.00788248277143854,0.0103128082131964,-0.0425647225487816,0.0421781666584878,-0.043881785691834,0.0471890710198686,-0.0911627094024353,0.0675364403726283,10
"Kendrick Nunn",0.00685777771618737,0.228412562930466,0.054358719389521,0.0963274669896257,-0.350946932586185,-0.171190662109953,-0.523763113879527,-0.930602669251029,4090
"Boban Marjanovic",0.00493038526253319,0.0361469650727745,0.0197585664530813,0.112063047965645,-0.0972807792820092,0.358070614865977,-0.0763102571789565,0.718718264521341,990
"Kemba Walker",0.00319771089100621,0.0377351431801627,-0.299675205321233,0.033164407844629,0.106204054391754,0.0831696564462207,0.276998591449376,-0.187440474096967,573
"Jarrell Brantley",0.00307380310692549,0.056352056152087,-0.120967468050455,0.0571982308197645,0.117287418223553,-0.0129729787487543,-0.0474438324329873,0.285642135769597,159
"Dmytro Skapintsev",0.00212823080136171,0.0258732099411162,-0.0141885697051512,0.0250858902057885,-0.0166995555990012,0.0247967363959194,-0.0307233366246336,-0.0049240045954993,8
"Terry Taylor",0.00187670967301869,0.487242978858605,-0.107384028817683,-0.211831765079265,0.237245165213458,0.0939781948260641,0.2591009080688,-0.473337811465022,1904
"Mfiondu Kabengele",0.000770636230028375,-0.0412115188905042,0.0714654080253025,-0.0376608954978653,0.00515297235660135,-0.00894179941760584,-0.226121606001615,-0.0216110987369019,143
"Daeqwon Plowden",0.00056041233262745,0.292589913590233,0.0718045286485408,-0.185063849087957,-0.0674185944023947,0.293997135312396,-0.199023405048329,1.21139349326395,297
"Duane Washington Jr.",0.000403492727891719,0.198884867202454,0.204493481205359,0.0271028956503462,0.354404179136473,0.0893547924580321,-0.712235460779562,-0.311095921196613,1655
"Lamar Stevens",8.81450859313581e-05,0.65688798611137,-0.166533555528517,-0.601573032228534,-0.332896552614381,-0.689041456179594,-0.243871706202187,0.0186166884946562,7361
"James Johnson",-0.000613804049659302,0.244103619527938,-0.0162027623880586,-0.480857544505361,-0.147659584940698,0.0707421285443118,-0.30818255049799,-0.495069158936355,1024
"Skal Labissiere",-0.000968188032449929,-0.00874535555636798,-0.00043190667039506,-0.0526930599131824,0.0278562232906536,-0.0351101348230118,0.237677518512808,-0.124583156906497,52
"Anthony Lamb",-0.000971461480344774,0.215963318370703,0.715311311140767,0.198021721193618,-0.00748494683876435,0.0269977389853449,-0.0957478187137899,-0.0420867575600637,5009
"Jaylen Clark",-0.00435118178192866,0.140192548075383,-0.465690278498459,-0.274054188287748,0.676911341056781,0.128840462160294,1.12681361876581,-1.30588139368719,2165
"Julian Phillips",-0.00485306457376049,0.811708370037779,-0.411075986548572,-0.257906090057256,0.348443339064907,-0.340085453954136,1.28186618891962,-0.478942927022757,6104
"Skylar Mays",-0.00543517021152444,-0.33711280580502,-0.324025227910512,0.32291497608244,0.224060432008885,-0.139061164131881,-0.279985352097323,-0.834251356467254,2583
"Mark Williams",-0.0065184636069536,-1.64865567983018,0.129943574871791,1.18767030833458,-0.447705837986822,0.128045789311671,-0.46596461965987,3.15238758704503,10472
"Josh Green",-0.00750683744857115,-0.400573133522027,-0.236765459769282,-0.415861353108039,-0.0418065013101994,-0.0277574420379509,0.0192357469435598,0.00732832151469332,20387
"Andrew Wiggins",-0.0080595493464729,-0.295921245275881,0.140556893366354,0.253736810100206,0.213963374818478,0.0443928402300893,-0.311184859648221,0.223744494021676,20762
"Cui Yongxi",-0.00881239297193174,0.153454089028168,-0.0143657803304416,-0.12739238480274,-0.117261719650205,0.0305721041199164,-0.0139793157776626,-0.067206297854653,45
"Javonte Smart",-0.00959777663945214,0.00867711636668847,0.0279899977434245,0.00600887263234231,-0.00604615624170515,0.00590548343691691,-0.0110904343362994,0.0115513785345443,2
"Darius Days",-0.0096331222055166,0.0590765663865252,-0.0501100496905253,-0.0669862698388956,0.0223533161067807,0.0258689691113941,-0.0782854851593814,-0.227267681466892,101
"Terquavion Smith",-0.00987783152537986,-0.212863501997394,0.0855699930215395,-0.264675473185531,-0.109748400999856,0.172637506864026,0.208336033937269,0.396044844154021,380
"Nick Richards",-0.0101898272604163,-1.8540920410923,1.23688077181243,1.46188070061422,0.77208815301646,0.374910794926097,0.454077010440124,1.73800217890265,17367
"Chris Silva",-0.0107945408146273,0.0261060115168557,0.000450299273186266,0.00542018440240319,-0.0264185129630203,-0.0167301636870747,0.0118810240258803,-0.0280479214193781,16
"Frank Kaminsky",-0.0111380228688664,-0.104139311699548,-0.466052772091216,-0.188795030917719,-0.55938958031751,0.126143708864513,-0.0625172606394713,0.463268768947869,966
"Vasilije Micic",-0.011775629766915,0.293818414856895,0.544053996877028,-0.38734687957636,-0.548470524809646,-0.739044543985099,-0.62263086556856,0.438068448362258,7904
"Michael Foster Jr.",-0.012370304832088,-0.000985778729510556,0.0153600723075439,0.00682531621966396,-0.00665672186602456,0.00770107323829135,-0.0151922067249479,0.0160647754668782,4
"Markquis Nowell",-0.0125430835874297,0.0471194124261375,-0.00227162384955893,-0.0298178247510337,-0.00235300588630284,0.0314177764226349,0.118202732287958,0.0580554672919927,14
"Olivier Sarr",-0.0164510351516476,-0.0684124834790521,0.250459126308928,0.194007451504452,0.0741644861226486,0.120670661786888,-0.00327364766834438,0.429515360463428,875
"Theo Pinson",-0.0178330946059866,-0.0959915085195454,-0.341418070783688,0.202669609067873,-0.335271723998501,-0.148081800893691,-0.405007230651599,-0.357628782869415,1366
"Jesse Edwards",-0.0196905818113983,-0.0651549923382302,-0.0289700212960618,0.0242946436773603,-0.0907627973569444,-0.0838930271664001,-0.157107338472927,-0.258925868279038,20
"Frank Jackson",-0.0204107245346251,-0.0069249347193185,-0.0351265897117662,0.0249809113874066,0.0618767005629918,0.00376777189730335,0.0398881787271398,-0.0106092560134285,19
"Leaky Black",-0.0208535422863568,0.10686163505785,-0.257442273829389,0.333637358258297,-0.069377700016175,0.0298304280448194,0.225604189247962,0.458316030728943,1158
"Chima Moneke",-0.0222081192847745,-0.00179220264197021,0.0162443002019677,-0.0139525715720333,-0.0104548299706492,0.0104806387774171,-0.0696244636497645,-0.115046418917405,34
"Tyler Dorsey",-0.0246677283470394,0.0327959533098528,0.0113410072615134,0.00549009605073206,0.0201642294236232,-0.0212316928281603,-0.0392410995237288,-0.0182757504440441,31
"John Butler Jr.",-0.0261336276641606,-0.154173190425418,-0.303113974726548,-0.00760634957506496,-0.244272370260383,0.0219571652669232,-0.485637855635224,0.0620863492672618,935
"Trevor Hudgins",-0.0277460092289582,0.0794875589740979,-0.0437869079824403,-0.104872017489125,-0.0641724095139581,0.0413306029607991,0.15309727494607,-0.144110033926944,111
"Anton Watson",-0.0277641566873817,0.0293638827357414,0.12221674949267,0.103261732041828,-0.0595888531201511,0.0766297057659677,-0.111452555292103,-0.392445286997769,103
"Kenneth Lofton Jr.",-0.0291239344813405,0.085382147796935,0.225545424081834,-0.0153597845161731,0.203699539252603,-0.125035936456222,-0.496162626085887,-0.64081754928171,1555
"Kennedy Chandler",-0.0296058877714262,-0.00704460951372329,0.296385896668403,-0.084551442860507,0.231333737625045,0.146148575531178,-0.629017113084611,-0.194839290638167,1178
"Landry Shamet",-0.0303604117170546,0.748910126164371,-0.560342424160659,-0.322661515321894,-0.698322795028287,-0.0904227176858718,-0.312925202213396,-0.750798201943873,9566
"Buddy Boeheim",-0.0353218669288312,0.264855936992761,-0.150872289585971,0.117093435582782,-0.0306729071088043,-0.136162426065296,0.393529425034856,-0.421059026915687,709
"Riley Minix",-0.0353401120073136,0.0254005986976924,-0.0188178638201423,0.0550525278037454,-0.083156411838574,0.071541770158586,0.0151435244076256,-0.136180038312739,29
"Jeremy Sochan",-0.0358978348351619,-0.665108891689712,0.541935243963574,0.113592629730166,0.632443497265963,0.261148990319051,0.713857591187823,1.65216178354063,21147
"Montrezl Harrell",-0.0371322394188235,0.276603005313113,0.0701971497188673,0.128589620357885,-0.0482627890298089,-0.0531654793286232,0.624236654797678,-0.0139287425974517,2831
"Edmond Sumner",-0.0384089863823532,0.225322813846722,0.263658430009107,-0.41162394897406,-0.337421235715387,-0.0416425735857607,0.526218706671902,-0.712607244036232,3076
"Jalen Wilson",-0.0386733416882687,-0.0356936656361015,0.461643961076595,-0.27277226274728,0.640487046366948,-0.164042893582233,0.602689916836817,-1.19541007078081,10711
"Tyler Smith",-0.0410276662185613,0.48789551447801,0.187717303750182,-0.376237778502199,0.526737390140853,0.108424569735674,0.436184584126425,0.0372025431560125,510
"Donovan Clingan",-0.0426990461352665,0.579061075360247,0.461905467781556,0.438534518035191,1.16709585333906,-0.013599844200401,0.982464299455421,0.925512206206985,5550
"Chance Comanche",-0.0447023704572877,-0.150717383993594,-0.0489612781407788,0.0484588112727981,0.0149705548149823,-0.0430238259073561,0.0935914187244752,0.123630979279561,84
"Kaiser Gates",-0.0448095176272718,0.0166297520875317,-0.00969848028148128,-0.0565322907862315,0.0316534575604217,-0.00983367383545161,0.0735131637680294,0.0553468501656828,32
"Jay Scrubb",-0.0449157233737801,-0.0989736577395355,0.0911248894946843,-0.0193981576912302,-0.00301117122132665,0.104475997272697,-0.0241073378347975,0.112012149303833,124
"Phillip Wheeler",-0.0470049330171312,0.00688472503849991,-0.490763040242166,0.0718058434236346,0.00333150049109443,0.0709168765280424,0.0952920504625688,0.678541855930826,176
"Thaddeus Young",-0.0485096408747088,-0.454943916487507,-0.0906533604765871,-0.52031991217296,0.462926224352238,0.389971793047574,0.0616562183521765,0.0850301905068108,4999
"Jeff Dowtin Jr.",-0.051131200502762,-0.450793350370078,-0.477187715148116,-0.147902029253485,0.667551338524762,0.117097045953125,-0.716250886617304,0.831761036980904,4113
"Leandro Bolmaro",-0.0513827235945624,0.181633604881775,-0.0167004492883582,0.0100000737678325,0.085085761951618,-0.0625495264190345,-0.373693438338293,-0.49012163752151,285
"Joe Wieskamp",-0.0521339443600692,0.143137439780128,-0.0205100716232642,-0.0106779466572074,0.0203783117243436,0.0282496686039467,-0.121545837311016,-0.314897362183496,209
"Jose Alvarado",-0.0527685219934743,0.862192852426175,-0.137563387344437,-0.481675761356285,0.208472983179157,-0.292703568213738,0.665238487223076,-1.35368126247812,15313
"Michael Carter-Williams",-0.0543939573354372,-0.119057167865383,0.119747158139148,-0.0259800879059029,0.160625578905513,0.0673783849682385,0.104753129351983,0.0678694624479386,177
"Gordon Hayward",-0.0553145342156508,0.0950710349598563,0.266976632082258,-0.20669275794038,-0.21988288352795,0.132522839598164,0.103847037098415,-0.0796255921907418,11879
"Isaiah Stevens",-0.056325372615482,0.10477930404897,0.0177369217156985,-0.0319285281157567,-0.0453598962714168,0.0312693845320416,-0.197219461213301,0.00168676184083094,22
"Brandon Boston",-0.0563976960178909,-0.2405866610898,-0.083596550443242,-0.591808466672483,-0.246118791722946,-0.729871377520076,-1.2350797642178,0.819348917226094,6543
"Dominick Barlow",-0.0584514952915246,-0.141034871879331,-0.205036182714816,0.271259668339619,0.446082363815601,0.391348341538127,0.239220106061771,-1.15416753215752,5082
"Udonis Haslem",-0.0595120044443092,-0.0196153629415339,-0.0598714725238922,-0.141075773481168,-0.00272043353838139,-0.0648407114426988,0.0117875915036386,-0.479802998714886,302
"Vít Krejčí",-0.0609108076977261,-0.144800854649111,0.479477430933064,0.404900754772056,-0.564519460877025,1.06451053651161,-0.358891953739932,0.731588284175767,7717
"Yuri Collins",-0.060995912385245,0.0499589667745127,-0.126096888767373,-0.227961656543086,0.0515119243621406,-0.062151309383976,-0.106952878491952,-0.323116054427245,68
"Pat Spencer",-0.0617821967078184,0.138831715809983,-0.0652030631170783,-0.814021994039638,-0.012998787453606,0.20209995565683,-0.358902105020938,-0.581225631670016,1143
"Bam Adebayo",-0.0626637918674544,0.352247716875612,-0.299706936555984,-0.309277636549069,-0.261645944504838,1.15320119033007,0.0823459846147835,1.85734487756576,30916
"Keaton Wallace",-0.065662595753784,0.590088713142194,0.345555315605812,-0.118270422425584,0.0412974502304342,-0.188595170868785,-1.48152652335346,-0.3215803141083,2100
"Austin Rivers",-0.066322857869309,-0.346036943134996,0.374658801664774,-0.252279225509554,-0.464899329985751,-0.334322189554295,-0.255102344650465,-0.908506881456919,4290
"Kevon Harris",-0.066391733486721,0.25519292465884,0.137765145080934,-0.354058685767263,0.217380017324891,-0.158929983324499,0.752546646915298,-0.664354013262625,1912
"Cody Zeller",-0.0671823251138574,0.0598349236842118,-0.0171947545904994,-0.185827531610347,0.320298902283761,0.278073482078635,0.753235069552699,-0.257315043814231,2242
"Trevor Keels",-0.0675367680838629,-0.0215179174964616,-0.01453970135122,0.0509099012201958,-0.0474137514443527,0.0406066725001714,-0.0508933420676551,-0.00832628551583273,35
"Norman Powell",-0.0677106270145267,1.01559803709528,-0.383913986376611,-0.151177948940506,-0.597444896932768,-0.379429402268469,1.77721977241878,-1.45151165349172,22882
"Talen Horton-Tucker",-0.0677438063938262,-0.377250188667263,-0.596047682037915,0.59235634401502,-0.287527094961649,-0.420585825897246,1.06015104717345,0.116014832703154,12942
"Antonio Reeves",-0.073883819697087,-0.189943482854674,-0.124585206900219,0.15022501429932,0.199791543461471,0.376545196199147,0.347410044940481,-0.818077918642692,2739
"Khem Birch",-0.0770221430097207,-0.0253078948762676,0.0199126727600379,-0.335709849369662,-0.132608722822869,0.0363337308907804,0.0921568255323647,0.396723462898478,650
"PJ Hall",-0.0781929834846115,0.458809497408712,0.182065196844296,-0.000646563633048594,0.248512609422771,0.0889600504940479,-0.723431214599149,-0.71036480291232,256
"Facundo Campazzo",-0.0801704051048069,0.14809112109022,-0.0869857969162666,-0.0949821561652092,-0.0379256426995974,0.107747092399077,0.159767409966305,-0.0432197341256002,207
"Isaiah Crawford",-0.0805507609925846,0.0651423654146335,-0.0381314086898496,-0.28822415732374,0.0661946876691565,0.128240590967493,0.555878176850092,0.519367251169662,185
"Jontay Porter",-0.0810140136410385,-0.177530649546979,0.403047333504561,0.0216272219018087,-0.813559880822922,0.11616899493667,-1.00538505392336,0.56470769000078,1529
"Danilo Gallinari",-0.0811795416659226,-0.60713354798475,0.00270681468868219,0.373549366862193,-0.669252014861318,0.335355310304042,0.468662003639102,0.907565872742473,2622
"Marcus Sasser",-0.0814850958153547,0.390482053990591,-0.221066048298238,-0.333551913926333,-0.289640142569749,-0.38607464764961,-0.678573055337319,-0.956318574722979,9040
"Isaiah Todd",-0.0821879558917421,0.0633197440732881,-0.0308609622111631,0.0166495010687497,-0.0333973452582241,0.104101986804221,-0.091319484167588,-0.0843101982467054,268
"Pat Connaughton",-0.0822643218775526,-1.09579787030538,-0.2996380989223,0.652914854224924,-0.220964479547282,-0.115022016324132,0.884809414191425,0.474944946001395,15542
"Tari Eason",-0.0881204484644832,1.30933530854353,0.592489759697542,-0.372404365190631,2.01952525444378,0.0349533630318383,1.74619390743932,-1.71316889600291,15301
"Lindell Wigginton",-0.0881629056230157,-0.194784026744591,0.00829127690180208,0.212150610000054,-0.19962937278142,-0.0389845413987163,-0.25962586918265,0.442624893528034,399
"Malaki Branham",-0.0887426310742492,-0.857593554861697,0.221443674764615,0.647927653584958,-0.607724066039941,0.371653236623946,-1.61957246685329,0.570154670575887,15246
"Jamison Battle",-0.0889756540827905,-0.409881681522864,0.997143181889851,0.394847506780421,0.00647189803880464,0.418249428275144,-2.33679687798954,-0.717318077264,4361
"Blake Wesley",-0.0936634036647276,0.328353666402613,0.0666266787569913,0.0197860028169741,-0.380494904826305,-0.0527684072374552,-0.405806284363909,-0.190578662712591,9383
"Xavier Sneed",-0.0944702131123187,0.0252293941831572,0.12199548882958,0.00120637236066234,-0.120563677233568,-0.0238080367285083,-0.27561643798969,-0.318327478649114,199
"Nae'Qwan Tomlin",-0.0975431784048206,0.294986617269579,0.113703817973289,0.222804370768695,0.18949936493038,0.122432144425332,-0.374117337736955,0.13133921186377,272
"Devon Dotson",-0.0999129898109977,0.118341388495247,0.00428098295203207,-0.161730654325962,0.0831077055210409,0.109314404715687,0.294746159271383,-0.186575256813675,214
"Jabari Smith Jr.",-0.103328557395287,0.104617824788509,-0.0153245496214417,1.01814712393072,0.773938313470987,0.229614763234454,-0.279194249605667,-0.31212791536627,27296
"Rob Dillingham",-0.103342199126569,-0.187023994633978,-0.458819038905621,0.0123535532824027,-0.168789547699493,-0.637645207063373,0.00067129386423183,0.105948247864358,2139
"Rudy Gobert",-0.103503868623636,0.536053597436654,1.35699875018807,-0.114048928670632,1.04903071155477,0.464956175493963,0.471644154634616,3.3909390099675,29157
"KZ Okpala",-0.103852122040884,0.249310430668749,0.181265601443722,-0.00573348879370009,0.0571342944170732,-0.188833717587189,-0.402083661474398,-0.0799566648997935,1076
"Spencer Dinwiddie",-0.108412678283058,-0.69399158650492,-0.430118046020201,0.958350102430478,-0.676191159052336,0.0538847009894041,1.0553268232313,0.837220490622,28733
"James Bouknight",-0.108863573041291,0.307288564385864,0.251673187621062,0.0132894105800117,-0.100227086561982,-0.0383453890054603,-0.735781289236698,-0.779899099661082,2458
"Raul Neto",-0.10928644588757,-0.0257797267215519,0.28988564883065,-0.137983652269076,-0.440309556101504,-0.141384034852086,0.121364011263247,-0.155077373771884,1991
"Jericho Sims",-0.109333216838049,-0.0998706837497573,1.23668007368842,0.607447352795994,0.170781888597015,0.391730656291571,-2.67806407189727,1.28636827653505,8028
"Jaime Jaquez Jr.",-0.110530713236957,-0.497212831446419,-0.177034904188037,0.906742962760063,0.10980549774368,-0.485552647642786,-0.0158498843318833,0.648774933510979,14151
"Mo Bamba",-0.111732982782463,0.348457944688831,0.365066238851752,0.642063063288757,0.0833949195528258,0.0878510930362971,-1.52027522370185,-0.794320196569553,7779
"Alec Burks",-0.112476260628603,0.0681947771640245,-0.211217473981204,0.346372780206985,-0.20347693918164,-0.439481696943433,1.20207902850411,0.0423578469144338,13212
"John Konchar",-0.115346176118899,0.285402528672202,0.436293092577066,-0.779419790351332,0.989308432831217,0.499861619448025,0.692767220476883,1.23092154297904,13483
"Isaiah Mobley",-0.115969732517533,0.145092714206102,0.0285394367020607,-0.0635379841306213,-0.255760047311182,0.26545201680443,-0.733013738060539,0.413909067839899,691
"Bojan Bogdanovic",-0.120721499550527,-0.836899388032501,-0.158469754998584,0.608651785992889,-0.372911190861384,0.0414893085008045,1.1593824404068,-1.24115075810453,13947
"Pacôme Dadiet",-0.121440338186259,-0.166634204876262,0.216834699414277,0.44750828953908,-0.521744131805682,-0.113181957998273,-0.340900760203814,-0.62367369016966,453
"Alondes Williams",-0.122074119806457,0.130265483883896,0.237176066264125,0.0744866973914837,-0.136068060828334,-0.166492614995788,-0.200182867799577,-0.387182596336944,108
"Jacob Gilyard",-0.125925620676103,-0.411030129246839,-0.314962761628866,-0.262590336242048,-0.414106282220199,-0.160000158730543,-0.888358319688884,-0.666448467939725,2988
"Andrew Nembhard",-0.126358218832522,0.471609534523685,-0.101642745520852,-0.911353864906794,-0.794816356283269,-0.0244629905783996,-1.8376556423354,0.344817803470121,23770
"Kylor Kelley",-0.130648906664092,-0.801475149068437,-0.231270853882235,0.959582200956823,0.287243295461154,-0.0220823195866938,-0.250043980037825,0.326460985011378,537
"Kyle Filipowski",-0.132312135188295,-0.469027650777329,0.346638121160858,0.0151397022370689,0.10354043455793,0.422864542686758,-0.0761853167633232,0.411065013622625,6419
"Moritz Wagner",-0.132430609855963,-0.331663451573964,0.776878401187089,-0.752081043385581,0.378994987912504,0.280316112268866,0.646113377830936,1.63292025195604,12764
"Torrey Craig",-0.134046007493235,-0.741750933542524,-0.523670640923791,-0.108606864619163,1.06636014115435,0.410580826439386,-0.24030143456872,-1.10123966486466,13485
"Keshad Johnson",-0.134407849135661,0.1449102605028,0.0665650324802773,0.0640250717292942,-0.709737048614332,-0.126110532890129,-0.114369777081792,-0.0285084667908261,418
"Goran Dragic",-0.135886993532038,0.180110358684805,0.157551670107403,0.00366426401688565,-0.411316550912037,-0.0455361255464459,0.230313696394345,-0.846737574283847,3703
"Justise Winslow",-0.136270656239586,0.303473355031698,0.151766682375059,-0.21924972264618,0.082513677272674,-0.170697225205704,-0.0369599572416219,-0.336334656431336,3158
"Brandon Williams",-0.136709224670205,-0.0529618493021554,-0.0858071236553754,-0.191601808761508,-0.793570862128719,-0.131779277730481,-1.1918410076233,1.24697600903473,2568
"Ashton Hagans",-0.138169895574957,0.490796994416317,-0.00752332916327626,0.0291778875530702,0.318556352271976,-0.218311312526953,0.150130391418557,-1.93020158539072,1247
"Quincy Olivari",-0.138797721510132,-0.162823982570674,-0.0087545986140762,0.138361356183887,0.0525244881563894,0.0353371890524932,-0.205484550647161,0.0929711225089257,43
"Keyontae Johnson",-0.139187173361424,-0.125358843873276,0.301927837960225,0.197942042941701,-0.107110664774618,0.325688877685662,-0.222568483059707,0.45966448006499,268
"Romeo Langford",-0.141939577459282,-0.314741416752725,-0.00758818230668297,0.0925731201548612,0.683285612082097,0.167794999582412,0.2239682407637,0.149147000334831,3597
"Baylor Scheierman",-0.142776361894926,-0.0745429491913363,0.599472853021257,-0.476609356830393,-0.0957007983825593,0.681803485216636,-2.39195875191784,1.41111863099119,1496
"Caleb Houstan",-0.143005068730617,-0.0726813924804813,0.188854048388236,0.340085741253236,0.0145158420048837,-0.721738033249771,-2.19652214701519,0.111874548793625,9684
"Ish Wainright",-0.143324418199331,1.27424613680644,-0.436932182694654,-0.0827677553755121,0.675765986521549,-0.140322218292468,0.426400407680761,-3.12685578408452,4065
"Matas Buzelis",-0.143927581170408,0.159632412533863,0.476864788105948,0.750758902037149,-0.549304467490189,0.283932989072526,-0.416925197327266,-0.0251175628201479,6572
"Mason Jones",-0.144080901274021,0.0471832061412955,0.259064085764506,-0.387076759531797,0.294778777696577,-0.219565225821285,0.215767619699606,0.282427235467775,297
"DeAndre Jordan",-0.144347234667776,0.0571936123634671,0.942211342643576,1.18012037051304,0.585714942176214,0.0927198296349219,0.476164248065683,-0.326992497344253,6898
"Jazian Gortman",-0.145075482908418,0.329545896535528,-0.0756800618905002,0.0856125914091026,-0.0824599041933323,0.211254496577925,0.102405780871982,-0.361316289903044,248
"Jared Butler",-0.146622498576401,0.428182102465359,-0.38351048104142,-0.242029720638224,-0.301763735260566,-0.296757532954401,-0.0837521331028261,-1.57612344127837,7098
"Vernon Carey Jr.",-0.146855373343187,0.13990621571879,0.0469644185916469,0.0223080934714036,0.0583400980932506,0.0413807595239204,-0.112188763720443,-0.41618329374322,117
"Kai Jones",-0.14804693363171,0.0469244915647893,0.0512290660086426,0.06444197146419,-0.150646589360928,-0.13074347187334,0.280698899860556,-0.00146882039962449,4197
"Reed Sheppard",-0.14987689592902,0.0566844946997794,0.335727246238797,0.302890524770975,-0.794139411448372,-0.172057981826505,-0.505624225569713,-1.11132906650852,2820
"Trey Jemison",-0.153052466088764,0.0521127265160604,1.19291393722979,0.334740479025865,0.679889068329971,-0.141025028327222,-0.090081177004229,0.571537404592283,3881
"Marques Bolden",-0.154092115406592,-0.187143303357775,0.116797238976792,0.00996226136590403,-0.175146179869679,-0.000432306099850766,0.231837778999153,0.755942199178955,493
"Kobi Simmons",-0.154571638673349,-0.148313982021065,0.0726086663017938,0.00729777145435386,-0.132121798733076,-0.226819968987913,-0.121989472025945,0.594198717497562,386
"Jordan Walsh",-0.155441493760204,0.321825243168454,0.42190793513535,-0.339778403033892,-0.17698063082695,-0.175426993821581,-0.222832468889297,-1.20440335029271,1920
"Chimezie Metu",-0.156430692234566,0.255933840311397,-0.314585201444428,-0.544436488312277,-0.983767630763914,0.415579814889792,-0.386224415039696,0.615591783875307,6500
"Justin Holiday",-0.156560979558647,0.481330711864041,-0.427153884122833,-0.0233667573561356,-0.332974786083856,-0.389765491906262,-1.18198382070945,-1.81655408554438,6519
"Seth Lundy",-0.157208861681533,-0.150966970538553,0.0273742523139909,0.0201856427141297,-0.271406440094161,0.114331067284531,0.340036129426131,0.582342150011415,212
"Devin Vassell",-0.158665398820017,-1.06149149971627,0.102654995031173,0.130752038560012,-0.355037172756933,-0.158843169290431,-0.436277864124436,0.824562902899041,22823
"Malik Monk",-0.161002354659946,0.217888580663967,0.201593053189759,0.134466026202472,-0.117988448311381,-0.150248993745735,1.72231350886915,-1.72935320800477,23792
"DeJon Jarreau",-0.165060765500973,-0.0750035249373739,-0.126901397317569,0.0649987612027051,0.499516730738125,0.413024270611448,0.268275297163687,0.935593631561672,618
"Ronald Holland II",-0.167493429199259,0.363312047072252,0.35487715672061,-0.795505035283199,0.608217131371126,-0.576261933691536,0.704287237444342,-1.37711255641936,5277
"Drew Timme",-0.16877708189895,-0.187973790645317,-0.204890234753563,0.678104265113986,-0.546023915846953,0.124918507209622,0.0914502756944545,-0.919579586023453,1045
"Jamaree Bouyea",-0.169886437519092,-0.222134060373989,0.092809365438201,0.122790608020558,0.00859076884013375,-0.0105280923129386,0.220726101121782,0.519868522572671,915
"Jordan Hall",-0.170814145331622,-0.0051398535812351,0.0749484196648694,-0.153777720310312,-0.0482567163278537,0.1645597849412,-0.0564474845828973,0.17943206876366,340
"Bruce Brown",-0.171016797113121,-0.577630361212692,0.156154675031814,0.0482140251080181,0.0484862021003925,-0.19069505457038,0.283816649076216,-1.26251379645706,21001
"Malik Williams",-0.172039141714794,-0.128172231158845,0.319022135185471,0.267801790101883,0.0359526503276001,0.0460661900525841,-0.559562177733125,0.16728347985769,436
"Dexter Dennis",-0.172643526212713,0.0612578301048594,-0.00202803817281917,-0.0176621205589887,-0.148065317507334,-0.0396947162955816,0.460006586511799,-0.000702688762056886,145
"Pete Nance",-0.175205852231498,-0.119940289345124,0.042503075003753,0.180318840971165,0.00742217709456471,-0.0338323797297744,-0.164777352055217,0.480330344941274,649
"Xavier Tillman",-0.175719247388663,0.0386157231059132,0.10763162289289,-1.06085337756248,-0.0128449887877096,0.337875024690115,-1.55124148591732,2.14969281231597,9898
"Haywood Highsmith",-0.177359997073661,0.227096444696231,0.295870246439766,-0.3928430652213,-0.139081521958979,0.0109248738903525,-0.840436008544531,1.41036202752044,16719
"Miles Norris",-0.180655948695874,-0.0451441597836352,-0.043899252073648,0.24959954658975,0.0176171890970538,-0.126898249848296,-0.243778549354345,0.424779207600626,125
"Onuralp Bitim",-0.184851381578737,-0.0307619262312807,0.0671880174215261,0.177083536068778,0.293263935231044,-0.168106523798806,-0.0146648059711511,-0.505424002685231,1079
"Kevin McCullar Jr.",-0.186822735500726,0.182918155803632,0.0971312655542952,0.048524178486428,-0.277209807310619,0.21726149410982,-0.00024089799928705,-0.56312479556737,124
"Trentyn Flowers",-0.187408730841447,0.111389917164927,0.205790961831537,-0.00321944278198528,-0.0856414980142779,-0.0421552462162548,0.0297585699479929,-0.498695864906513,115
"Tristen Newton",-0.187913265730441,0.0670424096794711,-0.0771210803073228,0.00179890090149485,0.15016181657084,-0.0773317249785839,0.0285047780513823,-0.08650213059552,75
"PJ Dozier",-0.190034233503542,-0.0240773581365329,0.2825741857282,-0.430090713723461,-0.206119593030704,0.0771066118091281,0.0494896668194686,0.146698663824307,471
"Marcus Garrett",-0.199208481713284,0.03869078625936,0.185070839292009,0.187224953495796,-0.0590334685788088,-0.0243367087616032,-0.794192230231206,-0.282444775099153,316
"Terry Rozier",-0.201093563021008,-0.570008918200853,-1.16202937970524,0.383309762511076,-0.438191548678502,0.183052709948581,-1.53894587147725,-0.434323143169793,24443
"Isaiah Collier",-0.202625709767758,-0.547543577785689,0.539044597667835,0.530346649134988,-0.44422897124706,-0.0564104759384103,0.361822249258273,-0.75832385407154,7738
"McKinley Wright IV",-0.203702565619747,-0.182917292465567,-0.0410575111035498,0.251991597859043,-0.22051248491002,-0.256730221220733,-0.587693511974289,-0.30024725916478,1370
"Nikola Jović",-0.205415455181873,-0.0348623778507259,-0.576718365482132,0.373732469625549,-0.888542721007589,-0.586736407305475,1.29964466328183,1.33571222087524,9150
"Quentin Grimes",-0.205674397918975,-0.68568430452049,-0.37807274866031,0.420890870998386,0.316044488583418,-0.302162483146225,0.437962799888464,-0.171884000230019,21033
"Jack McVeigh",-0.20698419689306,0.227004146157393,0.229382283521031,-0.147561113614476,-0.0850107302198764,0.0488214602872857,-0.390845835272195,0.373916749260038,191
"Omer Yurtseven",-0.207798468051269,-0.361845818840025,0.418325075809119,0.560142915276295,0.786048887170553,0.368491733300911,-0.927735892733374,0.63054827863704,2594
"D'Moi Hodge",-0.208730164918707,-0.197477173600374,0.0244479452940906,-0.0395895323178465,0.0606617383415865,-0.0250469608707788,0.0879631061444587,0.189496619155487,164
"Mamadi Diakite",-0.209640749185764,0.18026347182569,0.195738092714268,-0.209951117930451,-0.270939018817229,-0.0762195112266491,-0.405579948844903,0.0531536900317484,775
"Bryn Forbes",-0.210285606504129,-0.105087917778103,0.112331973534626,-0.035542694614749,0.0623047056817488,-0.125770979471662,0.573191898057407,-0.445098280540242,1134
"Kessler Edwards",-0.212160086488613,-1.04492365047417,-0.0987518245175995,-0.27819242085279,-0.458061441365197,0.562092498604327,-0.200410691068047,0.399347331550768,5290
"Enrique Freeman",-0.214827392145456,0.0714328704584871,-0.0790582430141726,-0.141213693657664,0.127441207561099,0.383270061502162,-0.0242362395490248,-0.617298264141472,786
"Cam Christie",-0.214901538058015,0.0910993031971124,0.203398105074994,0.13960955246632,0.061218007975909,-0.228987118929953,-0.0257855340050964,-0.706486906339114,239
"Nathan Knight",-0.215289653832398,-0.0798859195903015,-0.0732086791806233,-0.120429143860725,-0.0389211481816672,0.0159089311251679,1.02993978283432,0.0851278862210618,1259
"Daishen Nix",-0.217219034031072,-0.22685837470049,0.337051227406485,-0.596683254385403,-0.0900558090282385,0.439791328030645,-0.529416736274104,0.913402398883149,4080
"Alex Fudge",-0.217501137004658,-0.103590854510353,0.0212315478355473,-0.0663612260686392,0.0507858631196411,0.0894527589684573,-0.0154529532396785,-0.0692955077535017,166
"R.J. Hampton",-0.218119087119408,0.0258188138497767,0.0901878801180392,0.0804280936219614,0.0782398088736552,-0.4410563658803,0.791425320948765,-0.823413653966018,3388
"Jay Huff",-0.218245369862081,0.322387780073702,0.453121198317237,0.171722440469136,-0.88298205362329,-0.126566754022285,0.644862139409502,-0.1068544494197,3872
"KJ Martin",-0.219871570153591,-0.15129042554242,0.112306943036805,0.095664915245129,0.726473318857312,-0.38187987425642,1.49674921534162,-1.79673521622402,16428
"Zavier Simpson",-0.224266470401059,0.0979176457664778,-0.0667829535623577,-0.162149707939931,0.372930178693324,0.101458093777028,-0.638174896351715,0.0308469453306537,670
"JaMychal Green",-0.227984263545427,-0.039222416106209,0.779244782386217,-0.0304007902939469,-0.0159303993484804,-0.111903234165534,-0.457180276377795,-0.701450564185575,3411
"Maozinha Pereira",-0.229272682533057,0.201856993278839,0.137414676272134,-0.136713938617216,0.220973650642093,0.387871764299335,0.238596938342699,0.363063707942504,504
"Otto Porter Jr.",-0.230861423559914,0.104188333222583,0.116735536776116,-0.186467689131651,0.315760986494291,-0.0360562470362003,0.385371209785185,-0.415074081421638,1343
"Tyson Etienne",-0.232150143834893,-0.321548728048272,-0.1789427790791,-0.199657054508433,-0.449471735797802,0.337622655412811,0.115024604005277,-1.13357181818466,647
"Jahmi'us Ramsey",-0.237136501854851,0.079520093840014,-0.0163207415736979,-0.0618383062218983,-0.220055321581517,-0.398770681495158,0.0710206408195745,-0.0907726102565455,509
"Hamidou Diallo",-0.23777747274168,0.703145484413401,-0.133924969351371,-0.75114322662983,0.0262912519948064,0.0453415907501958,2.12259747552199,-0.648075866686108,4207
"Jalen Bridges",-0.238277797975753,0.157178115870494,-0.163042779518687,0.18123826235428,-0.261531069917311,0.210263091394098,0.831096319772718,0.0972630905728623,119
"Ajay Mitchell",-0.239342759984459,0.746141997269135,-0.592272847868809,-0.46371000730568,-0.344130237566334,0.665787052169745,-0.256355402782468,-0.381788244332168,2448
"Serge Ibaka",-0.24052101268052,-0.048417416603889,0.0876678522568247,0.133237034964526,0.38840347640122,0.0645201557565337,0.285022783632593,0.322756183165098,752
"Kevin Love",-0.240675682932992,0.246510296130417,-0.509315401522972,0.0288483924605563,0.196567641179304,0.828241096437758,1.72659808139684,0.9010793250704,9865
"Ulrich Chomche",-0.242902690851612,-0.237992102612466,-0.0960863642876833,0.0237902732193785,0.0378862814302064,0.122817430386142,0.714551670710479,-0.388600763470256,123
"Isaac Jones",-0.243116696761103,-0.218893328328401,0.607015805795386,0.0269564492997722,-0.259594476595531,1.05464633578228,-1.28755236620056,-0.187638150587812,1281
"DaQuan Jeffries",-0.246176097431936,-0.873734193016197,-0.189889045949301,1.19610024337146,-0.620141386239567,-0.728224383188773,0.0977530021323016,-0.743726553279498,4506
"Tyler Kolek",-0.247777457310863,0.435880712295094,0.28370723992762,0.381188305305639,-0.60503205263608,0.0571074459497284,-1.51132251814248,-0.409179918330325,1250
"Jaylon Tyson",-0.248112680534884,0.402401662224066,0.838406419155473,0.674612483309448,1.00297099369908,-0.0255479960424334,-0.709395079813442,-0.894038098494441,1877
"Greg Brown III",-0.248935920929177,0.186026330723651,0.162452968568382,0.078099638993298,-0.134583770436607,0.19372715715934,0.480002656807606,-0.0974822165761804,574
"Robert Williams III",-0.251910880186594,0.672664282609835,0.611677569920786,0.174627199806392,0.337125046122765,0.0585084329509627,-0.541419767878904,0.617654876225483,5343
"Seth Curry",-0.253357061973237,0.0415485631763167,0.0477354466450202,0.331193181027973,-0.0504491027883608,-0.136170878006318,-1.07178731182948,-0.501386068587055,11880
"Jack White",-0.254135544463702,0.138483664004443,0.091698142985011,0.0504408060972784,0.229432560739188,0.151692131141483,-0.536093976576194,-0.386296786546215,521
"A.J. Lawson",-0.258348175366958,-0.394745109705967,-0.681867964925514,0.157141467134079,0.376937779030051,0.0283127036719972,1.3932366626472,0.312941665071705,3876
"Ryan Dunn",-0.261203991338675,0.0772975184576501,-0.475014405350219,0.32690995302681,1.37946171852731,-0.710925254776882,-0.619506466424256,-0.591130771399046,5720
"Javon Freeman-Liberty",-0.265324247075953,-0.43093991730148,0.446919858322083,-0.502201380119747,-0.028929855333635,0.0306421534142213,-0.741889372229808,0.72373089356035,1685
"Taylor Hendricks",-0.267904312425599,-0.242626458238719,0.36518061485888,-0.0950711989737183,0.0973392937003576,0.141653128705004,-0.817818036613856,0.611932361933829,3900
"Jalen Williams",-0.26797215063556,0.314878571245835,-0.53183389450369,-1.36171373391888,-1.17757166456458,0.0301271939172306,-1.12029995847182,0.0267597511181874,28846
"Adem Bona",-0.268025896466752,-0.0330330572337401,0.62082030304668,0.194297421379193,0.524748001882432,-0.612970442009829,0.557194908597795,-0.0374777846410387,3707
"Cole Anthony",-0.268766716727222,0.711459793068173,-0.516837499697776,0.393792902177617,0.458187051488583,-0.749700932944778,1.41317634280231,-2.53534207961397,18642
"Dariq Whitehead",-0.27128826202481,0.144613514373947,0.256184258280745,-0.505258069493554,-0.353644151248428,0.159193066173104,-1.1954990804615,-1.17838772964926,1135
"Moses Moody",-0.271391438577262,0.0963578498641934,-0.000928508114966952,-0.515643166066192,0.111515367370362,0.511581820931815,-0.332430776764877,-0.041125851439651,15062
"Alex Ducas",-0.274745265220203,-0.0166097148526956,-0.172320528967635,0.430524038587813,-0.139297718866561,0.132409688776339,-1.03728865797674,-0.867682119041675,515
"Jake LaRavia",-0.27887508750358,0.320959569522629,0.849490717647069,-0.240268884404668,1.61275874839775,-0.98978769487163,2.11922155372104,-2.34617939681638,10721
"Jordan Clarkson",-0.282420258754514,-0.409058159542813,-0.0144366247694932,0.312141279482338,0.354008049778692,-0.58537786843173,1.48504224822382,-0.868441322878586,19337
"Spencer Jones",-0.283213803740979,0.202392349260894,0.411798205065837,0.196161073430544,-0.0595422328664683,0.302702993707424,-1.60568293789225,-0.655896651219729,519
"Reggie Bullock Jr.",-0.285825273559096,-0.566105500169798,-0.274943457355283,0.645682185070777,-0.999560324522766,0.555089079128547,0.128268468032211,-0.82509399301338,11268
"Xavier Moon",-0.291871107504684,0.0611289339181652,0.15916080269705,-0.000533448673917714,-0.121150133764397,0.194777607843339,-1.08681979875456,0.550141092503673,580
"Malevy Leons",-0.294188237697854,-0.038235659554451,0.0653407450791159,-0.131906041941624,-0.00708169669686358,-0.151736647084517,-0.0549423941084542,-0.386916372488115,82
"Josh Minott",-0.295612742954112,0.291919596906162,0.56283582319723,-0.0461328699494798,-0.647514500153938,-0.0434966206475705,-0.895581688794173,-0.952043511133983,1994
"Eric Gordon",-0.295968956005471,-0.00809707339319732,0.778519288062521,0.0108199549960425,-0.522407550798305,-0.756060689617922,0.808515146082518,-0.721680563507313,19256
"Leonard Miller",-0.30017970333815,0.294782030889969,0.127247125486226,-0.0312395581958815,-0.127860822578096,-0.111306520018221,-0.623109357386191,-1.03598030251931,358
"JaVale McGee",-0.300244915654737,0.0483524777709581,0.671495126151596,0.261104865774893,0.00360011571614945,-0.344718580741643,-0.448773691729254,-0.123352362453229,2946
"Matt Hurt",-0.30090790690185,0.0976587930223563,0.294942088059741,-0.236891107126459,0.255412645945603,0.0574181749220017,0.601600305932949,0.526538898888374,455
"Alex Len",-0.301441836544857,0.115842704559113,0.334164118280807,0.14520011987128,0.161746213624773,-0.0612318586445522,-2.00726279460524,-0.673407459743329,4148
"D.J. Carton",-0.304829860418284,0.128164258079043,0.187743615714374,0.0617798794975346,-0.060301611166505,-0.291111271496917,0.623905917249987,-0.0099786768870393,304
"Vince Williams Jr.",-0.305611452122776,-0.250923958903635,0.0867780839592341,-0.270921524607624,0.160403572018827,0.34623639228111,0.734586558897559,-0.107336478437793,8429
"Dennis Schroder",-0.305674520524637,-0.0933367088965651,-0.437827214455016,0.49239974970175,-0.173491412029755,-0.103864933053933,2.20119599700011,-0.193218653695052,27141
"Trey Alexander",-0.30598218561726,0.336134766761703,0.319203574160173,0.1103074325657,-0.113059210084935,0.346892764746542,-1.00324155572748,-1.29815554827348,495
"Timmy Allen",-0.31017027274095,0.026799710475261,-0.149808645472816,0.0199995334520387,0.267902080005172,0.165521482421834,-0.448863000172531,-0.233505234987444,517
"Nerlens Noel",-0.310287255910812,0.136487295604148,0.21549316732017,-0.488656105815797,-0.143593468518625,-0.137665319865457,-0.114553607169286,-0.130071096351502,837
"Gorgui Dieng",-0.310585615955788,-0.295685353595693,-0.0588061668172202,0.219664732671085,0.314630982090462,0.0810794733115035,0.00525909119296629,0.243986461067484,1506
"Nic Claxton",-0.312335964039215,-0.477441266370853,0.439117623604848,-0.18284670816749,-0.00330406476031058,-0.41712105361712,-1.07368597201018,0.999250672213903,25414
"Matthew Dellavedova",-0.313128441203896,0.212040630563841,0.346939185640749,-0.203572734008039,-0.199138251609635,-0.156181090660378,-0.106065405411993,-0.843127597820837,913
"Darius Bazley",-0.314971797384192,-0.40993528191134,0.109965198154211,0.0920397875393198,0.00136111233528144,0.0439063076702806,0.198357764451387,1.11474220913409,3214
"Larry Nance Jr.",-0.315875224427522,0.496385235357401,0.177688880572863,-0.772735164746254,-0.665612395415243,0.921129792878285,-0.482889122191447,1.32354593831089,12662
"Bruno Fernando",-0.316059108023768,0.0537729829825576,0.815321425706161,0.334301166191459,0.514376206976584,-0.066136588559769,-1.12701828584451,-0.509088714637467,5055
"Will Barton",-0.316111403024722,0.0354678081595749,-0.0902209919078464,-0.137713474667719,0.25554066802949,0.133327305507297,-0.988603742898407,-0.996859271947238,4077
"Marcus Bagley",-0.318954165209747,-0.526928010469119,0.0742713782546425,-0.469400887828384,0.0291590613055587,-0.185662435922906,-1.30159530332108,1.3755410680967,1067
"Royce O'Neale",-0.319040892200338,0.90002005695633,-0.594942819817459,0.0185358527861264,-0.113761076471988,-0.0185430386746392,0.982295644363265,-1.09594294054682,25431
"AJ Johnson",-0.321634880008674,-0.741109115643179,-0.316036225323303,0.528226722440676,-0.195340842826734,-0.292221359685797,0.108451154439531,0.310246088596205,2641
"Simone Fontecchio",-0.322439028420271,0.053943247227922,-0.206549926835011,-0.0631003249506435,0.0567547404549757,0.280854988435741,-0.454657537046959,-0.489518130407578,15487
"Isaiah Roby",-0.324755205224348,0.0350424569261364,0.19683238593255,-0.169169456109735,-0.0257725377393395,0.296714190133565,-0.239280757884705,0.0156320521194849,1999
"Cedi Osman",-0.328539715447258,-0.268604010582102,-0.527076726497558,-0.408345578583247,-0.336861328306234,-0.0594805443477614,0.339990676646306,-1.36645505099024,11622
"Colby Jones",-0.329051951665738,-0.111489024593577,-0.250995220214061,-0.318895474120752,-0.0161946191358121,-0.326945384058837,-1.0074029106716,-0.829921540087824,2867
"Sidy Cissoko",-0.333900717720495,0.972002193673643,0.718080645919802,-0.0795580747734597,-0.172433671132603,0.155285918805468,-1.07014764622476,0.528095316798345,1074
"Jae Crowder",-0.33576009890089,-0.521981525983415,-0.195337016114885,-0.089110416602368,-0.29671124229886,0.368194000906456,-0.738104090921714,0.920523391174206,6710
"Yuta Watanabe",-0.33589342006581,-0.0474793347164338,0.0449770150822165,0.252884378419449,-0.627251135299902,-0.600137055323895,0.811739999435942,-1.11127947895082,5756
"Dario Saric",-0.338088084524051,-0.358986629660106,0.44622488338687,0.0866619835047106,0.175567618118778,0.349138789783706,0.16313786088152,0.522126780515883,8748
"Caris LeVert",-0.338265009676857,0.710640426817181,-0.749673297219288,-0.0748460511723368,0.0216765193874803,-0.758938580711215,2.07864260145195,-1.0142509231834,23729
"Ausar Thompson",-0.338930707778026,0.675193873419173,-0.108099596660995,-0.98289475388177,1.05482151286872,-0.130250384761023,0.486820242699727,-0.46741629159574,12228
"Christian Koloko",-0.33910803063586,1.47751738288926,-0.126284627385083,-1.03158048773704,0.455646151133207,-0.0185056693445663,-0.260310801503815,-1.89657788631089,4702
"Walker Kessler",-0.343267789387714,-0.621705470851707,1.36589334546279,1.2367130630982,1.00384358880052,0.345376355204659,0.494177777770484,3.68802300749367,20597
"Jabari Walker",-0.343499742625617,0.291252589115428,0.10899088797097,-0.356084725431035,0.634608295209343,-0.719899868241218,0.548531061124622,-1.35873610915978,12653
"Chris Duarte",-0.344368751531452,-0.0802676414753691,0.367663328076109,-0.279745437850281,1.2446321786606,-0.243992814724441,0.258446131126396,0.161216322192822,7067
"Terrence Shannon Jr.",-0.34707461084195,0.0321091625914327,0.0496891829084979,-0.0971372627992211,-0.441765394855977,-0.411868812280364,-0.569496031388274,0.808853747261125,1432
"Jacob Toppin",-0.348080989335561,0.0500903269783989,0.288611809346837,0.0396053710712397,-0.137196879870506,0.215523346812022,-0.902158156228349,0.40718275216446,455
"Kendall Brown",-0.349116128467562,0.31707290659476,0.274518670159944,-0.276104786105786,-0.0473228278969147,0.0984121261923112,0.0909484512286734,-0.200281766100285,448
"Wenyen Gabriel",-0.351368427074398,0.105676639419855,0.0207232258894603,0.288177165579172,0.33503463853105,0.141808576171553,0.685568415405235,1.00221320441982,4667
"Dalano Banton",-0.352089915711777,-0.195883749780488,0.135039870847053,0.735070313282616,0.462214229200365,-0.579824845394367,0.0365419407342361,-0.4053702719178,10047
"Matisse Thybulle",-0.3527843659514,0.61732835346022,-0.207796633167917,-1.43495211855742,-0.442915078954519,-0.503029482932282,-1.11139466390848,0.383345856775754,12408
"Furkan Korkmaz",-0.352979648211537,0.446978856607396,0.47517132029775,-0.568435026880655,0.187794597947377,-0.217382461894259,1.69473446948423,-0.684665446439839,2730
"Anthony Gill",-0.354552477776405,0.717626104755031,-0.230279078430097,-0.336957073116471,0.222700384450367,-0.462719035468613,1.05308581284714,-0.505878819026083,6187
"Jaylen Nowell",-0.356795926871253,0.347513668391148,-0.48548087940907,-0.160221100706405,-0.0972144514805571,-0.390999357385896,-0.258569604745996,-2.08452451080257,6918
"Reggie Jackson",-0.356867650758472,0.0616341075013961,-0.158578834030475,0.438122303263099,0.530239004098903,-0.0833621364243715,-0.806240216885142,-0.333200870267731,15705
"Ayo Dosunmu",-0.360176157146513,-0.653252162913735,-0.221104041602788,0.687214478586984,-0.735937425587256,-0.665456394916644,-0.459907322908972,-0.175376551061611,23635
"Robin Lopez",-0.362071123622019,-0.0417493916970596,0.421265114082863,0.154170515950634,-0.277877569246237,-0.22445214143228,-1.06503539400555,-0.791095409955135,1473
"Zach Collins",-0.365709872017805,0.114561605973881,0.635632739129479,0.790463203585885,-0.406922921533823,-0.159698750304277,-1.22981085036165,-0.245531239322282,16690
"Killian Hayes",-0.368523881308439,-0.293459963204427,-0.0541065868265166,-0.336364402656475,-0.64621646952088,-0.123820115902042,-1.10043156890969,-0.87021952641614,13844
"Justin Jackson",-0.368832904726392,-0.00747321627231027,0.142692705206677,0.138448603121403,-0.31081472422748,-0.140579620012287,-0.511199917150938,-0.214362216823043,439
"Nicolas Batum",-0.370079657166311,1.23118095051019,-0.346624189188001,0.120495487794616,0.0434994631016089,-0.591335331205113,1.23573809352529,-0.197114098936639,18961
"Udoka Azubuike",-0.373532385597804,-0.498417329859794,0.159506877982797,0.31152948330791,0.0441370724945852,-0.31164467522711,0.629744838891648,0.113419293344255,2005
"Wendell Carter Jr.",-0.374006333087787,0.274921618092893,0.717746937955494,-0.436238505476229,0.0427623640419609,0.701328370226476,-0.351056140584316,1.24581524346373,19687
"Liam Robbins",-0.375317703452441,0.460071866099404,0.324574180488971,-0.500135974418021,0.315802547552459,0.252555487438949,-0.115146553322914,-0.32427469989286,239
"Jalen Suggs",-0.375629712161752,1.05300514730544,0.782026866245838,-1.04598282286692,-0.556203550295374,0.52649951865271,0.19149741593079,-0.593432175139563,17635
"Derrick Rose",-0.37897668746158,0.248470468335044,0.00221989339818545,-0.160842455962923,-0.383469563591692,-0.268552475977482,-0.851197493333677,0.357850347518502,3100
"Ish Smith",-0.380018819532028,-0.240002974345532,0.0935640667130803,0.1180091773778,-0.467872045449261,0.416537964992423,-1.76151805715053,-0.826199994496426,4689
"Trent Forrest",-0.383951882701747,-0.54254302467245,0.135940355324579,-0.30618487551985,-0.570568865301406,0.272370671950376,-1.27540099807815,0.511941026992808,2801
"Jaden Ivey",-0.384113179879841,-1.13355645564069,0.308592935661183,1.07881864733813,0.171866766319525,0.0351414067855339,0.681925949113168,-0.068520626984038,22576
"Taze Moore",-0.384569768506236,0.188552296978873,-0.00105577716040489,-0.217140484988659,0.369279629453806,-0.211141518365282,-0.452115508047431,-0.24956527490083,268
"Braxton Key",-0.38717453979533,0.0452774435710675,0.0947570719825017,-0.0830221094409776,-0.205715109173376,0.156052955838762,0.739238246166615,-0.323403395340284,344
"Ricky Rubio",-0.389688358349393,0.26059089206045,-0.153690184561868,-0.517688025498442,0.0132471578505909,-0.00172469908128614,0.00157595405684933,-0.0427803615548526,2286
"Theo Maledon",-0.39000702058715,0.0166493701828086,-0.284968108706535,-0.182778090470692,0.519024752666579,0.0784608573118192,1.20023058239489,-1.30004479083166,4473
"Cody Martin",-0.392421753220334,1.01681879384637,-0.130612671754807,-0.162143291029494,0.406669907242785,-0.382897625343669,0.504142781103161,-0.895276523370927,8470
"Tyrese Martin",-0.396939937807423,-0.165327311686369,0.198613542634657,-0.539527582785914,-0.0178194506188688,0.442274436703991,-0.939865184870368,0.344096297929556,5553
"Victor Oladipo",-0.397595804094372,0.436552939199239,-0.0989954863088923,-0.499655214960179,0.202453977565254,0.188687303340439,1.30505497026269,-2.05538842548774,4443
"Jaylen Sims",-0.400613136270124,-0.102416785272485,0.424736032747044,0.00867142385853091,0.0186028843049808,-0.38284801883443,1.48972307517375,-0.82084866717592,459
"JD Davison",-0.400934367793682,0.0665213285842878,0.647076933950562,-0.121207101169361,0.205634579915619,0.00304054750951905,-0.663686023111504,0.190922577832397,790
"Thanasis Antetokounmpo",-0.401784230319641,-0.108726195037941,0.627656812365043,0.220687520261737,-0.6377690680964,0.147221691155553,-0.837314017712705,-0.764369596270159,1499
"Elfrid Payton",-0.403482218101658,0.340162685121506,-0.432784332979721,0.27298682629533,-0.330268834046718,-0.498963369554439,-1.35852297548402,-0.484895964976048,2138
"Andre Drummond",-0.403512392179445,-0.600151438696696,0.988267185539539,-0.402267118839709,2.55978986651044,0.962582734636377,1.36664460707085,0.779259180962589,11999
"Danuel House Jr.",-0.406522046046426,0.0943649629834396,-0.0297841783778722,-0.327548362412525,0.0644892941698794,-0.263286446411222,1.42594387031679,-0.541907176715659,5447
"Dennis Smith Jr.",-0.406579277101335,1.3714187680716,-0.276217534786141,-0.623090588047312,0.32779043143199,-0.0731843651746706,-0.00937388746285411,-0.827065761147676,10074
"Ochai Agbaji",-0.407352688603971,0.556277359708295,-0.153296961824503,0.56759593454977,-0.0659275588293447,-0.468137350271082,0.494873618547142,-1.04775773801478,19302
"Keion Brooks Jr.",-0.409484995881677,-0.658816413420803,-0.0406609264557257,0.522141626264668,-0.382193309361911,-0.169949043940208,-0.177701783543961,-0.448874089693108,1391
"Oso Ighodaro",-0.409956647852508,1.00233582937756,0.0947658077903717,-0.73716666819684,-0.402337217981858,-0.132398375737872,-0.602072675915708,0.43396138551287,4257
"Admiral Schofield",-0.41151129357227,0.0470685202992443,0.08338014704512,-0.208154315499706,-0.46691438800664,0.322897295142958,-0.377631042841215,-0.104668878736454,2175
"Christian Wood",-0.412590128091632,0.0739475483972866,0.318398528405604,0.508129053318933,-0.290037439364222,-0.0143638813324991,1.44408213582932,-0.420165802383702,10612
"Quinten Post",-0.413028818987966,-0.0343942514080176,-0.182423766203878,0.132370252161945,-0.505034279244418,0.677867482603815,-0.163885066609495,0.124075254612614,2833
"Matt Ryan",-0.415804514759707,0.506666226719499,0.479955238819734,0.0604583486903634,-0.916482218111647,-0.501127585587726,-0.966464589292816,-0.207089024162679,3289
"Kevin Knox II",-0.416474631211745,-0.227114956965143,-0.639110803168119,-0.342388834669899,0.201330705500934,0.558314074935775,1.06548078593304,-0.627418883716533,6751
"Willy Hernangomez",-0.424499042157323,0.0898718523654639,0.0194217422561773,-0.174487688694602,0.15949750850918,0.314125930310962,1.4523225388256,0.512757849705663,1956
"Trendon Watford",-0.424577744426515,0.162492945622846,0.693774303636609,0.445231025257302,0.195994414227549,-0.263289957180624,0.912342778292528,-0.727859856949377,11974
"Ousmane Dieng",-0.427112942833096,0.226251924249282,0.0486956250249742,-0.0193228146187462,0.0121575648568294,0.254747741450554,-2.50939693007499,1.54103769375187,5612
"Lester Quinones",-0.429479113385934,0.296703256817107,-0.0919924712588952,0.455872668371289,0.693217445148767,0.456369207667473,0.550189039753937,-0.156948833297073,2508
"Juan Toscano-Anderson",-0.429514066290274,0.28775299409601,0.18749967232589,0.296479957143725,0.308969986416823,-0.268750851722996,-0.146062114152264,-0.495514477021016,3193
"TyTy Washington Jr.",-0.431442461994829,0.23835085018307,-0.401717574604429,-0.180099857678932,-0.170476354737825,0.55317216038745,-1.1274350822656,0.584761880852824,2516
"Bronny James",-0.441356903245886,-0.329135777223471,0.460913428426196,0.487737096824725,-0.418594437289892,0.24903723847055,-1.34600597386275,0.0266009888496437,727
"Quenton Jackson",-0.445145770159968,0.371790290273799,0.0493209445544472,-0.573974802059817,0.12170125374981,0.221381122333849,0.944900910088402,-1.19095325160558,2261
"Luka Samanic",-0.44669756632277,0.243039000319717,0.262437046684633,0.337368534180633,-0.233550093688304,-0.00951748773787178,0.896956435037586,0.790363814684314,2402
"Kelly Oubre Jr.",-0.448792267486691,-0.431330982986941,-0.66871091320996,-0.925375827533212,-0.14126816283413,0.122766462870759,0.372550564130292,-0.348634851038255,23399
"Jordan Miller",-0.452386172185601,0.135952818348391,0.312092664906747,-0.274196141777776,0.428214364536195,0.392491142279528,-0.928231544732225,-0.0720031502866278,1848
"Shake Milton",-0.454722692567136,0.715006676782499,0.0510294134450289,-0.0083346120125391,-0.547782431612102,0.0364510940052789,-0.94722903593245,-1.93640318234496,12360
"Kyshawn George",-0.464202445605764,0.689857840777945,0.0394974018272237,-0.256279307440145,0.312030890308736,-0.369977151319246,-0.0716738152940767,-0.876013462816259,7627
"Nassir Little",-0.467494876853011,-0.366258595058632,0.0501149721578301,0.554189969983607,0.125217224861442,-0.0710475619213212,0.0993311130616863,-1.1200533016941,5873
"Markieff Morris",-0.467504430489517,-0.155982260130103,-0.0258637272879916,0.744616115773297,-0.913268538116666,0.139233521304059,-0.354561612334036,-0.579595977636618,3140
"Jonathan Kuminga",-0.470381096608928,0.498833756083821,0.17735165840392,-0.164723852597392,0.0228617049021979,-0.541952334941652,1.08642890326986,-0.541079119809691,18786
"Emoni Bates",-0.470959984765608,-0.28489597358337,0.179672817503463,0.358758990668216,0.331907383320608,-0.0101956276957158,-0.936237886506645,0.0500733134852582,849
"Patty Mills",-0.475972240251292,0.201171368711757,-0.129656253656028,-0.718273230180754,-0.0899444762959038,-0.242146437627522,0.0391067793787654,-0.254934606796999,5470
"Jae'Sean Tate",-0.48029621922872,1.64889989109851,-0.13408884318069,-0.647482866293619,0.390289294755419,0.057192455976393,1.01051919440604,-1.16804990542526,9548
"Scotty Pippen Jr.",-0.480782536010962,0.464093544196225,0.419011971069305,-1.02929274262887,-0.49058221164245,-0.36599145116971,-0.634354930950347,-0.0515993381660759,9561
"Troy Brown Jr.",-0.481441552502417,-0.368968115962487,-0.0504086359675941,0.750186510159118,0.00449533943195229,0.00928501304459667,0.747909647709392,0.686315328207484,11188
"Kyle Kuzma",-0.489172532055632,-0.79494970827492,-0.316375009527676,0.521171095924517,-0.423003926590114,0.114760257279321,-0.276972854923256,1.00977089548739,27334
"Ryan Arcidiacono",-0.493944183583159,0.35261780387747,0.0606418014642573,-0.316940294252045,-0.217120294234737,-0.143893084447115,-0.462606118841029,0.0365961703095323,922
"Davon Reed",-0.494508493534666,0.164947133000731,0.580491636938173,0.047957359084103,-0.149124113422666,0.266571671163444,0.20298228190841,-0.872446730342796,1421
"Trevelin Queen",-0.49546863291786,0.204851576277405,0.451027316164947,-0.397053798602215,-0.136676693583036,-0.114587940818338,0.368172348937234,-1.21518678484811,2678
"Kobe Brown",-0.496404665321757,-0.230146702859807,0.273536926820928,0.250694798982835,0.451188006540372,-0.087677119655334,-0.698898325676131,-0.770243757892841,2706
"Adam Flagler",-0.49736880103729,0.373454553407069,-0.0426546164573901,0.100259735511672,0.0907653039408206,-0.0269301688275675,-2.14920796383221,0.464609514045668,884
"George Hill",-0.502722660349834,0.262911376551108,0.00381070067439988,0.350434513006921,0.0768333113794772,0.0898941277649547,0.967660944304571,0.269855089894228,3459
"Jalen Hood-Schifino",-0.503015148933712,-0.892449002396364,0.0514360555250616,0.474283655417944,-0.11047002781615,0.0519288168516714,-0.185848769477337,-0.254730934005071,1750
"Jordan Poole",-0.503296753807896,-0.115098613850462,-0.204702794942912,0.145023339441923,-0.92396583770551,-0.636199086688686,-0.536708603626317,-1.47426429050324,29308
"Keldon Johnson",-0.504268442637361,-0.644619434875266,-0.560915809382271,-0.235688322960649,0.878656134491519,-0.522366827212194,1.46175711227553,-1.20966040475694,25026
"Devonte' Graham",-0.505310730064083,0.284503784255296,-0.118133027204389,-0.180134705216532,0.0500395912361568,0.413066312598868,0.407428169813811,-0.824912398425841,6917
"Tristan da Silva",-0.510181855272477,-0.69094809114088,-0.112866930905094,-0.0807753176111928,0.145658644947046,-0.0873911669618799,-0.191929649341448,0.56544969037092,6480
"Garrett Temple",-0.511375497897275,-0.33627602337975,0.651458224946863,-0.720783080739422,0.2054699151059,-0.0115584390486962,-0.662881911608399,0.642983016967365,2868
"Jamal Cain",-0.511529154834576,-0.312794646645639,0.401234873418089,-0.162739297957762,0.351363517699454,-0.484424808361052,0.674549512989187,-0.779185878325033,4136
"Kira Lewis Jr.",-0.513665995173804,0.206099414619419,-0.306316449685638,0.0110461235303978,-0.320163687062894,-0.572695741925044,0.871577997289669,-0.535890866954482,2069
"Orlando Robinson",-0.518948236300074,0.26428819114042,0.434789446751535,-0.133167321724966,1.31485347286863,0.28065269233556,0.0161077609383647,0.058495406922531,6094
"Josh Christopher",-0.523521029325378,-0.6506007634365,0.174917867292554,0.144093801085608,-0.275624839760135,0.0653331526462003,0.146567553754916,-0.0489483484232106,3548
"Dewayne Dedmon",-0.523901571029424,0.225511270355257,0.214524543760697,-0.119537306934462,-0.234393726479464,0.0294694837575416,-0.453983999364579,-0.817957395794428,1762
"Kris Murray",-0.524140953394967,1.37291410959395,0.648148687935286,-1.03054249856926,1.24442714982082,-0.17747254383767,0.0822418024428361,-1.66257642178603,9855
"Chris Livingston",-0.526072986550925,0.347770912470553,0.759465605957028,0.174308391487259,0.0251077187846229,0.0585793858381425,-0.695192993993493,-1.07753842978674,827
"Immanuel Quickley",-0.527913022587256,0.577244849244359,-0.856273768021634,0.136503281473574,-0.0483599297483491,-0.523076987341225,1.51077375571541,1.10896771069011,21512
"Isaiah Stewart",-0.535734690390751,0.762715723248811,0.42930863315323,1.14553979835068,-0.155081722325805,-0.224467675921609,-0.285693239699575,1.03029468071826,17827
"Naji Marshall",-0.53668916325065,0.150607888359722,-0.263887430402393,-0.29891473910816,0.240869528998823,-0.317421372130453,2.21907037886049,0.852240328813909,20640
"Jonathan Isaac",-0.545133910572029,1.10535157263455,-0.0740675109922307,-1.14534749249026,1.70765187201858,-0.559872713362198,0.463573662369836,-0.791787425232646,8596
"Taj Gibson",-0.548648198279428,0.00195795177497096,-0.0624780158766725,0.608896978152167,-0.295345071362536,0.294132895577553,-1.70848655488063,0.793478433228583,4481
"Jaden Springer",-0.549129615667962,0.118139336961215,0.32573157099486,-0.439769293586928,0.313049515264161,0.362997158056383,0.333795727302878,-0.50180204420158,3965
"Armel Traoré",-0.555714385075436,-0.213569255973486,0.133560411628013,-0.0223563329232806,0.0837207091688555,0.192169959448874,0.10634987308246,0.0819098427319295,274
"Malachi Flynn",-0.55657272531878,-0.564454671047625,-0.197565284337668,0.0359424826018725,0.00367992730918872,-0.481451406828244,0.27091432484497,0.0154174895141537,6541
"Russell Westbrook",-0.559554371367948,-0.603114349410044,0.374607192331202,0.308258778561767,0.317279386600707,-0.735704103523507,1.79460368027218,-0.698096713429876,24488
"Moses Brown",-0.567585059922319,-0.0471818644398821,0.187567908555397,0.573878851973228,0.630757531866134,0.412223537306497,1.35648222208851,0.0672987966840756,2569
"Chuma Okeke",-0.56824013159304,-0.571207344068584,0.178177075588313,0.643123748202003,0.751174842163718,0.0661391504532614,0.921043971540474,0.857235404431994,4646
"Marcus Smart",-0.569519520281228,1.13273835035694,-0.301429955513825,-0.785024248879559,-0.650409302252247,-0.164532602171899,0.699177084753226,-1.32773475063471,13738
"Vlatko Cancar",-0.571173714908855,0.450757559775022,0.507305504859641,-0.129870641589081,0.312846319064604,-0.217534013406939,-0.662110331503245,-0.562745837115708,4202
"Tristan Vukcevic",-0.572058909944939,-0.25913986998011,0.118189750665561,0.312312530248603,-0.342033783769965,-0.122998728535656,1.0223441005071,0.373884581529498,2812
"Garrison Mathews",-0.57214367719673,0.270012260921957,0.323074717604763,-0.436609291004684,-0.614698797619573,-0.0229466351841421,-0.183095261250245,-0.93477632495962,10570
"Isaiah Livers",-0.572350761664552,-0.194741660454693,0.253364580798306,0.275281179195997,0.0739170714075138,-0.470446527200399,0.874531282763921,-1.45307831055696,6877
"Malcolm Brogdon",-0.574602949411741,-0.126819933788141,-0.189080814973421,0.225033585367295,0.0784973514019267,0.00388877238754459,1.41177721028336,0.511296147138615,14202
"Damion Lee",-0.574809707472264,1.03516371173815,0.640113743200786,-0.239200876496816,0.580625535073747,0.144681678996321,1.0884964981604,-1.18704376891493,6865
"Wesley Matthews",-0.580839907778325,0.25177018834495,-0.295514182220149,0.39362583611988,0.0507575084416537,-0.209003797516895,1.43801599631919,-0.964906057802477,5181
"Ibou Badji",-0.581893315671193,0.0442881166541877,0.259812842907844,0.265047247926046,0.0877464334208364,-0.142213259674873,0.525764359628458,-1.3294256645821,922
"Jamal Shead",-0.588978189611292,-0.00557277423695785,-0.241315922156005,-0.985531845810945,0.0868318808252331,-0.947063749504871,-0.16119241024169,-1.40289183420661,6076
"Dillon Jones",-0.5929373884778,0.698651617965951,-0.129066422982723,-0.259901948389997,0.104530178367692,-1.12680548822877,-0.617742932481681,-2.21035598888801,2258
"Patrick Williams",-0.595433480249879,-0.151397685407161,0.110498612396012,-0.393826528989024,-0.516210563560588,0.320149446966513,0.0443030223630839,0.909865687568045,21202
"Tristan Thompson",-0.601209427028752,-0.408377878197819,0.824538995509945,1.02850257368436,1.20808332453132,0.282133212593826,0.266387935264707,0.558119202267777,3532
"Mouhamadou Gueye",-0.604674137175477,-0.11974338938511,0.15954457185458,-0.0768283950022227,0.0364001994283082,-0.396965810045779,0.189877198452911,0.566587929932991,493
"Aleksej Pokusevski",-0.608538199207378,-0.634359244949971,0.146252850687128,0.198590054183234,0.00949917371680855,-0.0583772739260222,-0.355428704836886,0.91748251875871,4593
"Trey Murphy III",-0.61185980390849,-0.00321217702978289,-0.00834958219205758,-0.0877522449492585,-0.783254202380355,0.259856370198176,0.356025436241068,0.53731353024929,24934
"Gabe Vincent",-0.622853814377319,0.77590361455385,-0.0241556675129713,-0.279205576696799,-0.216589678137639,-0.0755020373123894,0.239417999891146,-0.471367851616685,14291
"Keita Bates-Diop",-0.629958800316508,-0.146195212337279,-0.230587237412315,-0.0197130407306708,0.113059418433562,0.561634039924461,1.37594524105764,-0.0263661343214986,8857
"Josh Richardson",-0.633101288743913,-0.226775767105798,0.433677481877433,-0.262417877477684,-0.356175044616491,-0.150627611196861,0.286760889260761,-0.352071793956509,11499
"Johnny Furphy",-0.63671349069245,0.694864000874286,0.558941611457605,-0.556992481475586,0.19145151181142,0.206485730680938,0.0989754649185133,-1.03464497382588,1621
"Drew Eubanks",-0.636745376624401,-0.191037149662121,0.411279883853853,0.233314801591309,0.251735421816961,-0.487002542943933,0.108180655912515,-0.0105595834934971,14388
"Jaren Jackson Jr.",-0.637504376051546,0.562854103669913,-0.799215107860394,-0.0159927860998203,0.0263237784944311,0.217885592563437,3.3652080540935,0.787514953207985,25971
"Keon Johnson",-0.648483331906066,-0.142352911121271,-0.0974230708079711,0.00474683431944794,-0.570736234984257,0.174292471949412,-0.759377031084422,-0.96948774977308,9807
"Jalen McDaniels",-0.650892870125608,-0.0321144291668412,0.0747471143737026,-0.00631333540552862,0.21158191254947,-0.236098809925375,0.365554923535357,0.106031665518953,10309
"Bones Hyland",-0.651021765805073,-0.404901277620021,0.61736238581752,-0.209190342052828,-0.0567280295937885,-0.354534976842359,-0.56561651634976,-0.133530364764186,7607
"Patrick Beverley",-0.651365474618667,0.125786514353613,-0.368205686587326,-0.351528334606552,-0.020643982625341,-0.483085078873931,0.760125446560592,-0.123746660498169,13444
"Marcus Morris Sr.",-0.651555351647505,-0.544703571752732,-0.245224550688981,0.846836262957098,0.0286340099755505,0.381029839307261,1.79504797755945,-0.667351064422404,10664
"Nathan Mensah",-0.663691557108665,-0.041076820167774,0.396658011495764,-0.333546645482187,-0.143601853816167,0.000578442211632779,0.0442486799029814,-0.305381707875576,1252
"Stanley Umude",-0.690752265059527,0.519315858925739,0.908645442652337,0.180472159199789,-0.132338142307895,0.0177316014367322,0.153101373099297,-1.65512478628147,1677
"John Wall",-0.702192234269376,0.0637901592403171,0.312923241446221,0.102915486728863,0.0191498190209481,-0.413396284160556,0.637435173807655,-0.45371686133734,3174
"Colin Castleton",-0.703561343499253,0.317339886715468,0.39284802727192,0.28234408184716,1.09632743559136,-0.43068142367389,0.957235566294044,-0.513973703943239,2037
"Max Christie",-0.708999393362146,-0.492001796508231,-0.437935430976183,0.0489440711899944,-0.683416474411213,0.407757951380591,0.436014741279886,1.09605764271433,14947
"Jordan Hawkins",-0.71481090290348,-1.37036928236032,-0.572485531946693,0.455545151530084,0.186121646429683,-0.664859179852868,0.910218872496226,1.05076512897854,10307
"Ricky Council IV",-0.71974746204318,-0.478971500189212,-0.911640755376767,0.174345021982332,0.234458689486843,-0.160529399429026,2.74038026339875,0.81268656551484,6295
"Maxi Kleber",-0.733922484212085,0.611204108194278,-0.0141574559487755,0.533136864368419,-0.614432558302203,0.417817112186541,1.68825968367395,-0.537850533309421,10056
"Jett Howard",-0.739733720530893,0.468163588935932,0.533923597588631,0.0370201377356558,0.540869028310977,-0.204432981836258,-0.790106828365929,-2.47014977188784,3133
"David Roddy",-0.74583046316854,-0.485275523889492,0.450594347048282,0.152129929949454,-0.517486272209917,0.20427569997646,-0.606825996368635,-0.203953598289512,11902
"Kyle Lowry",-0.747201229174614,0.447348725340252,-0.0526555551842962,-0.990903395243751,-0.438931262982386,0.077057188980312,0.372881684788923,-0.536449241424703,16388
"Charles Bassey",-0.750588238314376,-0.0316329964846804,0.651981807311995,0.336223551719899,0.590090507537189,0.436226084602148,-0.198144551868707,-0.264668273141977,4622
"Johnny Davis",-0.753386988510471,0.392871405281608,-0.535931565328189,-0.183019286465215,0.100280752875639,-0.313178435629052,-0.660113873837588,-1.24770075803891,5451
"Jaxson Hayes",-0.761511434418824,0.234945538025533,0.52325409771748,0.11720683681951,-0.26101324799448,-0.139807550356287,0.666700996721846,0.732788126066168,10782
"Eugene Omoruyi",-0.763934811964733,0.0266169849200829,0.456113242545226,-1.02218136748495,0.374474770070461,-0.189063175819924,1.12774156018433,-0.566608587992342,4349
"Rayan Rupert",-0.78279670333539,-0.550692373504674,0.687962012435867,-0.272530912519113,0.470352259495619,0.787470796875584,-0.0116680695729161,0.858712760743232,4566
"Damion Baugh",-0.787306469185765,-0.906290065079337,0.540690917454302,0.318614204615359,0.347235401966749,-0.186118673812828,0.21181135424806,0.763990123680838,1496
"Bub Carrington",-0.791108058773629,-0.964185700761861,0.429532694464256,0.819100118687029,-0.266733562422697,-0.172884759310227,-1.93301501123032,0.400024506731165,10434
"Tosan Evbuomwan",-0.79522134164387,0.0997325237413117,0.304079607686765,0.0564393728559716,0.0993553172275809,0.0713799392613302,0.220158825888724,-0.751364233804347,4153
"Jordan Goodwin",-0.796831468227547,0.260421542715472,0.387396200064139,-0.58505919237874,1.67792073213543,0.339132481988652,0.710729621310042,-0.204230419698757,11035
"Caleb Martin",-0.797747010062589,0.107937917844144,-0.364131229740801,-0.512206818802322,0.139502262351111,-0.154713481155281,0.407929762783857,0.896819894329219,20296
"Justin Minaya",-0.799203199782416,0.313013381975925,-0.0538353398189278,-0.210862962148636,0.714798029873533,0.0112153038351788,0.444990103131972,0.0501248600553565,2311
"Saben Lee",-0.806252291353447,0.0692472914998154,-0.0573465505326783,-0.1835169794292,0.189814364987511,-0.0696084294589723,1.36388705315357,1.20972437470992,2325
"Dru Smith",-0.812206177159202,0.966060892614219,0.103379127780504,-1.16858766018603,0.354607615430548,-0.198125483922013,0.746116363494098,-0.532502230754698,2286
"Jarace Walker",-0.817762318596438,-0.218091585454015,0.737045911728912,-0.550039701753541,-0.617963637049573,0.769340657985625,-0.850778722393162,0.0467949386745085,6454
"Yves Missi",-0.822029465890393,-2.02076523846092,0.898113706926457,0.243086486885249,1.4429842094816,-0.530472337599455,0.626162630085806,3.38079098776096,8087
"Usman Garuba",-0.830388272420992,-0.407955356841129,0.666165884508808,-0.120409465373588,0.856288787627366,-0.00563858392610323,0.336401489898887,0.387680902049052,4139
"Jordan Nwora",-0.83878974450712,-0.874952676242952,0.429948994203267,0.198641834618573,-0.236491881797134,-0.033249906223996,-0.373277027881045,0.253625291865951,8063
"GG Jackson",-0.839509301737576,-0.672348616572452,0.412582495338373,0.530597483059193,-0.0787316122799004,-0.749848700969238,-0.281904846374907,1.09104347579338,6984
"Precious Achiuwa",-0.844418003938021,-0.532505874166286,0.844877726700445,0.390292464371377,0.711850162420387,0.346977229243465,-0.645737077494554,1.29928265569772,15892
"Ariel Hukporti",-0.848464853016885,0.0564457791912546,0.778313781103854,0.61898851990648,-0.255981805340312,-0.0258096660180578,0.330494629423451,0.0824201856923129,893
"Jeff Green",-0.855977121325611,-0.67605281179937,-0.0427179772709057,0.922924574549215,-0.0874778789448956,-0.117359092150275,0.845617525915402,-0.812364245799147,11507
"James Wiseman",-0.856359026278924,-1.03881708133317,0.535110595504702,0.608963412486852,-0.839334484300311,-0.0426990625421154,-0.395559942832997,-0.643286457197536,8216
"Jalen Johnson",-0.860620127176048,0.452673400814115,0.519234727867803,0.151296591534168,0.0117272394172461,-0.317714796748314,2.22129250844631,1.19239057046106,18117
"MarJon Beauchamp",-0.864795316667513,0.722133323359096,0.813785822433598,-0.231475256439898,0.595697397630263,0.0986642978725491,0.37278575245018,-2.21428346909663,6187
"Damian Jones",-0.866539926074944,-0.112470247856952,0.579184088318877,0.280403852075965,0.15092457508422,0.223300033607047,-0.556669335278108,0.21038403717732,3098
"Wendell Moore Jr.",-0.873703607280028,-0.142061793632323,0.195067912060892,-0.233872693856438,0.570101846692797,0.390139315304435,-1.19483146929872,-0.396348287113901,3055
"Jonathan Mogbo",-0.873975669836014,0.249326441341607,0.725866458015243,-0.437907310957962,0.203869444819565,-0.348991615318398,-1.33693144647796,-1.31338134079066,5399
"Cam Reddish",-0.876490816258699,-0.586062668382352,0.150583860186783,-0.571327156097743,-0.192993466547382,-0.234510052120887,0.324453256093534,-0.207331771327035,10744
"Maxwell Lewis",-0.925220682201721,0.317682798213844,0.450688194205744,-0.17586758188445,-0.295852865451692,-0.0786716547071933,-1.11795487165941,-1.58141525060591,1747
"Reece Beekman",-0.930650326033262,0.517152944354553,-0.172637368666599,-0.707539399345218,0.251033136813192,0.164471236541123,-0.403582910971045,-0.266907650174124,1897
"Ziaire Williams",-0.935226540000681,-0.254423974619427,0.0766769862410362,-0.550007026174843,0.00681953221010937,-0.251988069959591,0.514618946918666,-0.660119413530836,12844
"Jaylen Martin",-0.943083590011328,-0.61924431784005,0.04974889518794,0.100597218643296,-0.0457910943350203,0.318343639540155,-0.285770987141323,-0.218553378116582,978
"Evan Fournier",-0.953816705855718,0.20087754912545,-0.108754043276751,-0.531530389166971,-0.544640353960327,0.0723392734010683,-0.779949111068093,0.0749284086125075,4304
"Jerami Grant",-0.955741363710215,0.240372984027956,0.0872358546178541,0.0600962904367549,-0.618831044485614,-0.19629669819199,1.80961283924353,-1.70113817209074,23024
"Kevin Porter Jr.",-0.9573462988431,0.603220497160795,0.354407441403154,-0.216997818284006,-0.319210363759972,0.281064184571396,1.96806056822542,-0.0694977704877123,14525
"Amir Coffey",-0.957867901379796,-0.475273979924965,0.840242022872534,0.847214778394211,-0.22385129375649,-0.516862529344196,-0.0857659030613265,-0.765692782700855,15763
"Bennedict Mathurin",-0.971469730444547,0.0241255908436036,0.629300123754051,-0.0471251738727713,0.582822042092552,-0.462169566970084,2.76412587563905,-0.961051883593484,25010
"Isaiah Wong",-0.978983477379824,0.944358509588056,0.234225131039136,-0.895462549133287,0.321109373463372,0.648873678428561,1.21325612715042,-0.332483037364292,1088
"Kobe Bufkin",-0.979526591161826,0.484448259762577,0.347726309489504,-0.0939072869387346,0.0859579789985149,0.310015770671188,-0.77708047095306,-0.11021828287139,1356
"Jaden Hardy",-0.98746285796108,0.02797708487558,0.549315802042788,0.124937071378406,-0.279082990925176,-0.107862443523685,-0.326170494833005,-1.80301287524463,10959
"Paolo Banchero",-0.993470004633264,-0.393880220253844,-0.0966000231441437,0.0780441715741269,0.569377105070623,-0.101475634214464,3.49559298484299,-1.11737177620665,27806
"Hunter Tyson",-1.00143552496798,0.324413636317654,0.341532693278744,0.1273836386347,0.0211206517476451,1.07909621703245,-1.01714684241086,0.197659808151195,1897
"Josh Okogie",-1.02320844872275,1.39835840478275,0.171035527681289,-1.27103948581126,1.7970509458304,-0.804742827427888,3.26839076271027,-0.741100122185105,12093
"Dalen Terry",-1.02634615473493,0.679189687364213,0.384802975872778,-0.0892573075929808,0.100158232125857,0.0804197445845622,-0.15831182258918,-0.822767542547293,7941
"Keyonte George",-1.03421133337647,-1.81828342400224,0.565796185079298,0.393462902041701,0.366655996669131,-0.37656901718587,2.07806698058461,0.442089768372228,17224
"Peyton Watson",-1.04973932896587,0.540438129465567,0.179147867398801,0.132721362586971,-0.635829253950485,-1.10696271444328,-0.440082790391255,-1.49161818965016,13706
"JT Thor",-1.05875467921861,0.598730258531129,-0.265934397017539,0.184556331711984,0.393313721622711,0.0726106790513916,0.988553476159868,-0.658153349725342,8220
"Zeke Nnaji",-1.06943736317758,1.18047692957303,0.273786765502622,0.130122447500884,0.256952342130865,-0.824081172399764,-1.05833081692726,-2.69656909769367,7821
"KJ Simpson",-1.10256709703464,-0.709215977324094,0.793640390571239,0.139640650595646,0.291496234365111,-0.0272510176311716,0.712977425439708,-0.0956908996320356,3425
"Olivier-Maxence Prosper",-1.15129095216068,-0.151320957708631,0.134165843830533,-0.596564931007791,0.37624114794267,0.59161667667683,-0.00880325393817675,2.35919492544705,3891
"Julian Strawther",-1.15274289139374,-0.517944398648429,0.15116868293764,0.159524497875095,-0.329758375418237,0.0011293339117881,0.50839746668596,-0.648078020893348,8130
"Bilal Coulibaly",-1.21363456664869,-0.501438036180927,0.417577877432371,-0.474337003824296,-0.383156358960609,-0.436560360853657,1.66177220592574,-0.228975377297184,15612
"Nick Smith Jr.",-1.24316007444908,-0.524905920280224,-0.108888275318756,0.661828011477063,-0.604229215876942,-0.404828442617632,-1.7055057311661,-0.180379546943436,8554
"Bryce McGowens",-1.2840455759104,-0.186326147435526,0.0627795960053915,-0.407110121897619,-0.998514894272116,-0.225970863616626,1.28638055462559,0.615713826171771,7056
"Kyle Anderson",-1.30424390267877,0.990707882697694,0.125184710823117,-0.568502514553662,0.147717121220306,-0.00856841594408241,1.51176877737027,-0.802869511352336,19589
"Joel Embiid",-1.31829447672972,0.635752172519686,0.207771252119115,-0.0843628285659296,-1.70708211085307,0.578691572548518,3.4816095227097,2.50732656284928,17010
"Cody Williams",-1.4869350979869,-0.415976552824192,0.201913734492714,0.89140870928328,-0.168934997029497,-0.553391961643092,-0.312916173656774,-0.203614990671479,4495
"Noah Clowney",-1.50825175136887,0.215251003831153,0.459503652608525,-0.0117323974404308,0.376793626713086,-0.286010944479236,1.02342328099499,-0.313888767822749,5685
"Tidjane Salaün",-1.52992974392635,0.249172640178532,1.0056005679138,-0.0430732304478676,0.757990902203201,0.174872478946287,-0.384721298992367,0.95108749353028,5000
"Anthony Black",-1.68207349797444,0.68523890316937,0.472670023646066,-0.658939406855725,0.212233975716413,0.308625706919107,2.06624825066818,0.58251810537214,12336
