"player","orapm","drapm","rapm","o1_rapm","o2_rapm","o3_rapm","d_rapm","poss","o1_poss","o2_poss","o3_poss"
"Shai Gilgeous-Alexander",4.84335618805895,3.2790325497511,8.12238873781005,4.95880086447685,1.2087887851889,0.0407829270661967,3.24738135470682,32156,11671,3133,1269
"Nikola Jokić",7.04439441330504,0.840402106542397,7.88479651984743,5.31458196692182,4.32709128283529,1.2741019522042,0.681245435474069,31599,8284,5784,1754
"Giannis Antetokounmpo",5.52540763287743,1.77562675891371,7.30103439179114,4.99942990854649,2.65852141797447,0.509350207240582,1.65447614773012,28925,10659,1978,1799
"Franz Wagner",2.76277790744738,2.90581211410245,5.66859002154983,2.44765715709834,1.18623422912343,0.144319391811242,2.78059349478964,28591,5647,3958,4672
"Kawhi Leonard",4.11189115537903,1.39450660292513,5.50639775830416,3.53593628924744,2.22897900993869,0.353420838378123,1.36353158970575,21364,5464,3389,1826
"Draymond Green",1.72568734519066,3.64409665267909,5.36978399786975,0.434656657861719,-1.37982970906275,2.76190463839324,3.60094134024973,24579,225,1215,10831
"Kyrie Irving",4.23153075625288,1.00293189304852,5.2344626493014,4.01068774021289,3.07507855302214,0.531592003864996,0.794911230148779,25082,4274,5353,2890
"Herbert Jones",2.12169497828417,3.07730669374442,5.19900167202859,-0.468766396086152,0.485189839876744,2.48796385694013,3.08109979755527,20207,260,799,9003
"Isaiah Hartenstein",2.57353729377821,2.32611701675496,4.89965431053317,-0.518040244876087,0.891455968494086,2.67429814449045,2.22337493819448,21075,285,970,9282
"Dorian Finney-Smith",2.75406624187035,1.79352219327897,4.54758843514932,-0.743473033301573,0.46633772193943,3.14666010872556,1.66852786389902,23222,500,1073,10049
"Jusuf Nurkic",2.76102184784322,1.78187457596425,4.54289642380747,-0.416798131505866,1.08636128293711,2.98457101447027,1.71954060775767,14358,491,2039,4645
"Derrick White",2.68263112782034,1.79199793604962,4.47462906386996,1.91536639816078,0.797973182726191,2.2640215711211,1.71932714612196,29960,1346,2955,10634
"Ja Morant",2.18384726305603,2.21729841987141,4.40114568292744,1.74073699859814,0.768070922184047,1.17972176333309,2.0988407673621,16206,5760,1569,769
"Victor Wembanyama",-0.239061319827862,4.51342570303915,4.27436438321129,0.676074156517291,-0.512697991652367,-1.26811186462888,4.43464277708157,15403,5898,785,1043
"Chet Holmgren",2.58231542352889,1.62697968454558,4.20929510807446,-0.0140439913924695,0.800779825747584,2.45400597979296,1.59715708993834,14069,811,906,5321
"Fred VanVleet",2.40536637943914,1.76485129002676,4.17021766946591,1.52269776015191,0.755572915944006,2.07860435091247,1.65035323922944,29911,2827,3123,8978
"Donovan Mitchell",2.62893620960581,1.50116313617012,4.13009934577593,2.13658292193698,1.32212721719409,0.173372393390601,1.41890728877321,27222,11151,1472,999
"Luka Dončić",2.64773742332136,1.48199281264306,4.12973023596442,3.13508036449033,0.266088333103655,0.230356861391116,1.43712802690886,7358,2842,413,411
"Brandin Podziemski",1.28888438265654,2.81952331721975,4.1084076998763,0.101800826641555,0.481524235059899,0.899023638478873,2.70668575077777,15191,717,1255,5645
"Alex Caruso",0.560671225582433,3.41138329346028,3.97205451904272,-0.678658016576535,-0.0842517033466568,1.38028388240778,3.40269915745104,19140,645,906,8014
"Tobias Harris",1.77749291705884,2.19294237443895,3.97043529149779,0.536332061906327,1.38585137448126,1.30215852278283,2.05119672445276,29047,1395,2522,10626
"Steven Adams",2.56875621485176,1.34425853731576,3.91301475216752,-0.00474774796955644,0.446677257734366,2.40581481445901,1.31280085848728,7973,50,351,3586
"Kevin Durant",2.91864505755901,0.845146024955209,3.76379108251422,2.95529587202231,0.0936979831895266,2.76690380450297,0.771819078455295,27793,6664,4637,2605
"Jordan McLaughlin",1.29532908325405,2.42853487434133,3.72386395759537,0.053974796451158,-0.915220799977441,1.98790780693479,2.49530522729563,6792,145,526,2728
"Al Horford",2.32770931814969,1.28616828441731,3.613877602567,-0.257335436325533,0.0849817299239498,2.53266817204987,1.21812001535863,21731,81,559,10218
"Dean Wade",0.936831914913168,2.67602657354172,3.61285848845489,0.011721781272929,0.526061602293425,1.17953811071954,2.57059027857335,13364,163,182,6338
"Jayson Tatum",2.53184155456834,1.0806559536561,3.61249750822445,3.01068711364765,1.55975044652515,-0.432351383797584,0.942766864508353,32793,8623,6787,965
"Jimmy Butler",3.43849464756115,0.155407053068021,3.59390170062917,1.7785827271737,0.705480544016974,2.17588315534623,0.155474431205157,16756,1757,1747,4854
"Aaron Gordon",1.70683266774617,1.86458124437499,3.57141391212116,0.501525436858721,0.516667537713445,2.42454573916798,1.83269247162443,23916,765,896,10298
"Stephen Curry",5.18843177887776,-1.70170246145428,3.48672931742348,4.30322170128143,2.44915915323703,1.08353623592676,-1.81239682107024,28119,7624,4097,2321
"Lonzo Ball",0.938974076327865,2.47749700266887,3.41647107899674,-1.55886535996442,-0.307311047292209,2.23836167303765,2.33586516916438,3376,268,176,1248
"Dereck Lively II",2.36194360246594,1.01890753729085,3.38085113975679,-0.0751385090013247,1.44572313177681,1.99996791918502,0.995193686964461,8881,83,396,3962
"Gui Santos",2.04657304591693,1.31752817697623,3.36410122289316,0.0425973894968048,0.561092073599066,1.73266495829439,1.34744415068029,3878,99,209,1630
"Isaiah Joe",2.05462315878266,1.27866070870694,3.3332838674896,0.909350404100893,1.184057884473,1.71055899620637,1.24833928254687,18659,892,2522,5921
"AJ Green",0.404542840593682,2.92354651457878,3.32808935517246,-0.610252014598259,1.35135294037552,-0.0561500933685292,3.04148748864562,10820,337,658,4418
"Kristaps Porzingis",2.51699354925529,0.808390728972019,3.3253842782273,1.21217336279059,0.35620014550591,1.82192713154902,0.78266959481425,15753,1878,1881,4103
"Tyrese Haliburton",4.56561374977603,-1.24314076083466,3.32247298894137,4.50571607156845,0.909457420683892,2.31571675066137,-1.42853126582978,27622,5101,2442,6237
"James Harden",3.31115451157083,-0.0559258309141979,3.25522868065663,1.20214114558065,1.67781933677244,2.81086692608934,-0.177886874002842,29841,3635,5752,5518
"Ivica Zubac",1.13949682313836,2.04252913855356,3.18202596169193,-0.653331404642583,1.73809744986931,0.635164046359219,1.85121203295903,26815,523,1559,11334
"Anthony Davis",1.20681082460815,1.93045546638178,3.13726629098994,1.41255078814041,0.106772078629001,0.588604440739917,1.84564765954192,26402,4787,5274,3124
"Dante Exum",2.18924748203899,0.902066346110918,3.0913138281499,-0.141388139197907,1.2898397163649,1.69795930758994,0.933527663311908,4554,127,213,1936
"Bogdan Bogdanovic",2.92632243373159,0.158614418406041,3.08493685213763,1.32046427698366,1.99256130420016,1.10561413941935,0.0952600017274912,16290,1414,2874,3843
"Luke Kornet",2.67949145736733,0.381598117701602,3.06108957506893,0.0543575425189934,1.39045079313688,2.22678241878067,0.474990082640773,12606,152,459,5702
"Anthony Edwards",2.36905575027924,0.67246872905653,3.04152447933577,2.16058781716416,0.818181007548479,0.458528883774652,0.499541286044281,34929,13880,2066,1507
"Jarrett Allen",2.69908129889782,0.299576303194167,2.99865760209199,0.503239109289335,0.34188454323514,3.36282705302523,0.217192003609122,28521,847,2194,11239
"Alperen Sengun",2.47504978846064,0.509292032885606,2.98434182134625,1.0992006966114,0.903276805232381,1.93884655310922,0.345659457595284,27272,4978,4235,4418
"Pascal Siakam",1.50405354591473,1.47451318519272,2.97856673110744,1.27455443983406,1.1267245613288,0.723707362941862,1.36974686019779,32558,10824,2688,2751
"Lauri Markkanen",2.58768669169703,0.358525005866011,2.94621169756305,-0.191480681039496,2.53999188178176,1.99142791999418,0.225591529129844,23421,3933,3412,4366
"Zion Williamson",2.49222833807377,0.394854858432383,2.88708319650615,1.50045999603575,1.47084009507891,1.4585775886288,0.170555379097167,16886,5181,2262,993
"Joel Embiid",0.291982077242365,2.53332800104234,2.82531007828471,1.93649456035652,-0.34367189592954,-0.932832474390164,2.52054229507446,17010,6759,967,771
"Paul George",1.37546851613096,1.43552821480696,2.81099673093793,1.11398127513362,1.95561956961773,-0.775011615504088,1.40731122824324,23527,5320,3812,2619
"Rudy Gobert",-0.385760140744486,3.18735799374466,2.80159785300018,0.0459820334702696,0.663968493425034,-0.473964946064154,3.13677643197573,29157,220,1132,13234
"Nicolas Batum",0.365885076047901,2.39578318255445,2.76166825860235,0.12883201339499,-1.03325642181392,0.652295060569682,2.39896847784517,18961,203,453,8834
"Luka Doncic",3.33885653366787,-0.587910558626066,2.7509459750418,2.71208301222718,1.81910764593731,0.282489923554746,-0.660242773222117,20677,8150,1738,443
"OG Anunoby",0.92336170292668,1.82072255129976,2.74408425422644,0.019498909184872,0.155824084673487,1.57388454282882,1.79177251029178,27600,1332,3249,9227
"Jrue Holiday",0.646565866975605,2.06480187225312,2.71136773922872,-0.174687859723596,1.12166703772293,0.486863459581004,1.94325120487279,26318,1611,3084,8470
"Toumani Camara",0.574962776892113,2.13529053784211,2.71025331473422,-0.317480288951465,-0.83051514055194,1.01909129444479,1.98325687383158,17626,166,599,8038
"Keon Ellis",1.04299743074246,1.53072267691274,2.5737201076552,-0.159150227105124,-0.0131969930799229,1.28952858939665,1.45441909497273,12186,170,284,5637
"Devin Booker",3.62262724313471,-1.06508170536654,2.55754553776816,3.04236206576001,1.60716729087427,1.99253560448141,-1.18115973035239,29105,10276,2993,1277
"Chris Paul",2.27324552297644,0.263383079874865,2.5366286028513,-0.589958688226705,0.980861669628829,2.27670113403302,0.206118937977646,23471,1116,2460,8166
"Davion Mitchell",0.403229651131671,2.09986988375535,2.50309953488702,-0.51003795408132,-0.354350026707568,1.1729728819719,2.06233622936942,18735,341,861,8160
"Aaron Wiggins",3.09252345456631,-0.604353457278357,2.48816999728796,0.561064884143054,0.425451900099859,3.42962162437584,-0.539906278859545,17907,1013,1649,6299
"Myles Turner",2.3417628399742,0.136110951396293,2.47787379137049,0.698743664056054,1.79680597568745,1.82672553143872,0.0302392681289976,25447,2219,5187,5301
"Amen Thompson",0.623490181816946,1.85033919539855,2.47382937721549,-0.76529388813813,-0.0536435657622037,1.49448836617341,1.77045566894533,15053,353,1669,5497
"Jamal Murray",4.28358550994708,-1.81735452212712,2.46623098781996,3.75930444708503,1.83478201685151,1.76829351700435,-1.80865933875688,26365,7450,3459,2285
"Day'Ron Sharpe",0.612636450010287,1.83746943021118,2.45010588022147,-0.975683621860002,0.30389330692925,0.883917692419421,1.81364635472043,9599,770,855,3178
"Evan Mobley",0.635253634100832,1.78908685843643,2.42434049253726,1.09918811825644,1.05990119404685,-0.253412487729983,1.86024767550354,26374,1326,3056,8805
"Rui Hachimura",0.923162119782701,1.49551609679411,2.41867821657681,0.397328889794656,0.533120640018759,0.958923522581679,1.373684751009,21571,1016,2042,7744
"Kentavious Caldwell-Pope",0.398842841066291,2.01954842155632,2.41839126262261,-0.151738068471656,0.0782029125970344,0.752850437334696,1.91077414765087,28740,254,631,13492
"De'Anthony Melton",2.51580196243068,-0.101236227865466,2.41456573456522,0.0763472578657807,0.878387179147782,2.35861413035322,-0.190559567969546,13431,595,1067,5047
"Deni Avdija",2.46600348748074,-0.0582088110858998,2.40779467639484,-0.111372734443655,1.11934769332162,2.49442941340132,-0.215739938859813,27017,1712,2639,9148
"Sam Hauser",2.00306884947223,0.368103979100906,2.37117282857314,0.354165387547928,1.01689969704179,1.86777689436152,0.350442496942866,18549,387,1093,7789
"Norman Powell",0.873378541191157,1.49443384147382,2.36781238266498,0.196445659197685,0.39244319305123,1.19583464457909,1.42835226750785,22882,3320,3605,4523
"Tari Eason",0.870786208223651,1.49623193581758,2.36701814404123,-0.211607560026795,-0.815467116766538,1.58302619200941,1.51423603992341,15301,763,1415,5479
"Chris Boucher",2.157007105202,0.205438719076655,2.36244582427866,1.08152508479302,0.164889330403797,1.57594135471404,0.191192882306923,12570,948,1558,3788
"Kenrich Williams",1.0966518356176,1.25507276648787,2.35172460210547,0.457313223183233,1.08909705012983,0.706304775976009,1.26075750284668,13978,691,1425,4862
"Karl-Anthony Towns",2.91772483329384,-0.581794195289237,2.33593063800461,1.31692130563296,2.08371550880637,1.50763496388914,-0.617186298595518,22645,3919,5729,1655
"Damian Lillard",2.956593308181,-0.621709564655388,2.33488374352561,3.14421421589425,0.394691576979798,1.56869447838159,-0.766535808573571,28309,6662,5724,1785
"Kris Dunn",1.08885311713423,1.23082189729075,2.31967501442498,-0.68264691214039,-0.484659600364942,2.27163803913732,1.24473592010437,15045,534,737,6238
"Jock Landale",1.43111364809175,0.88308529967226,2.31419894776401,-0.161599215831161,-0.695758260231625,1.9143979863756,1.05077961706287,9376,462,781,3457
"D'Angelo Russell",1.89812228991039,0.415661151207003,2.31378344111739,-0.0862389187256146,0.835971337977689,2.58357737900832,0.345618168098342,26276,3356,4716,5067
"Jalen Brunson",4.25725726660935,-1.94741217784015,2.3098450887692,3.46234085201517,1.83029701055045,0.952088835339085,-2.14539622804467,29796,8677,4366,1847
"Nickeil Alexander-Walker",0.733779008704751,1.57426519711427,2.30804420581902,-0.679901376294033,0.232260366686735,1.22052414927812,1.5964710701239,20111,617,1259,8198
"Josh Hart",2.59120021326294,-0.306801285889345,2.28439892737359,-0.240554634038606,0.970417251999329,3.1494889080733,-0.353469593913041,32565,381,1235,14669
"Jae'Sean Tate",-0.624173223157907,2.88408237044275,2.25990914728484,-0.100186175874805,-0.288528084265269,-0.488437316511391,2.96255180617828,9548,329,597,3832
"Jevon Carter",0.091742856866931,2.15172835152577,2.2434712083927,0.178036725267279,-0.361887870038867,-0.0090401814685089,2.32796274441575,13104,1125,1107,4316
"Zach Edey",2.21998407186775,0.00707817220105275,2.2270622440688,0.286772572106147,-0.830459554900565,2.76546666515847,-0.0232163032967959,6119,72,260,2731
"Brandon Clarke",0.929371301561349,1.28470713950482,2.21407844106617,1.34083656456551,1.08281314057763,-0.345655580089507,1.32525863482063,10421,357,957,3884
"Josh Okogie",-0.309503750244305,2.49458413019054,2.18508037994623,-1.29753127261956,-0.148409648403668,0.17130879226072,2.44228557956147,12093,553,831,4665
"Jaren Jackson Jr.",0.935366783764324,1.24187463862145,2.17724142238577,1.08251302391895,-0.353159226669318,0.58453215910687,1.14122767329098,25971,5708,3142,4111
"Miles McBride",0.170770395678091,1.99110131542991,2.161871711108,0.173398737403871,1.03295810030233,-0.0881294416086283,2.03191821025564,14826,286,897,6229
"Tyler Herro",2.76905142227773,-0.637864627378895,2.13118679489883,1.38879021773183,2.71191460215938,0.341788528388256,-0.682787953530081,26145,7516,3518,2029
"Isaac Okoro",0.848483461608143,1.27086407861542,2.11934754022357,-0.102981322100999,-0.839245594477128,1.75147903988995,1.19493091266796,18682,166,324,8830
"Tyrese Maxey",3.86130980676654,-1.77365326054888,2.08765654621766,3.59828265638043,2.03354330823824,0.390998390861142,-1.93524300861813,26766,5631,4298,3451
"Kevin Huerter",1.99105965052691,0.0815856713128811,2.07264532183979,0.329282871997224,0.286301609200668,2.33161082103743,0.0705738900310302,22811,1736,3229,6418
"Nikola Jovic",1.17495062051103,0.873001995525467,2.0479526160365,0.12023601451223,0.345114765762484,0.748538085174159,0.850117660923032,4445,186,238,1802
"DeMar DeRozan",2.28484892007149,-0.239415893974601,2.04543302609689,1.58351437036906,3.31664251615254,-0.49349186594038,-0.370511631265653,34557,4868,5710,6705
"Christian Braun",1.88756251224735,0.112303612860403,1.99986612510776,-0.0535962585029588,0.522815262916829,2.15994776440415,0.0719211769728497,22719,419,1253,9703
"Cade Cunningham",1.64182041488441,0.357099320069645,1.99891973495405,1.04738630142437,1.00207317215294,-0.0377282438003025,0.231814342903954,20684,8041,1500,809
"Darius Garland",3.46916826416861,-1.4723388702137,1.99682939395491,0.998107516661935,3.17700642522624,1.76841725250141,-1.50528007786632,27179,4683,6681,2234
"John Collins",1.58643704484337,0.380439984079709,1.96687702892308,0.065569508870267,0.0303770562664687,2.14410464818945,0.411895162144976,22156,1640,2179,7272
"Tre Jones",1.34042124573824,0.608875893455488,1.94929713919372,-0.231410929888015,0.0483584234402258,1.00974912084026,0.531422706004965,21381,853,1422,8422
"LeBron James",2.03783823846678,-0.0896646090359813,1.9481736294308,2.52245521530203,1.29541027514,-1.05215180550356,-0.189142071840333,29037,8759,3606,2153
"Ryan Rollins",0.204095575998354,1.72369573606363,1.92779131206198,-0.49012050158545,-0.97115791737447,1.34727998795089,1.91605866854895,4015,271,369,1364
"Mouhamed Gueye",-0.0865300793540099,1.99999723389661,1.9134671545426,-0.0719668806569838,-0.195030203666396,-0.0928832881118361,2.08859703778749,2609,39,85,1176
"Tony Bradley",0.541998892999549,1.3560184680708,1.89801736107035,0.161535874996417,0.192320827012931,0.140362669113085,1.45173922094279,636,111,52,157
"Kevon Looney",1.08956078764505,0.764769429655138,1.85433021730019,-0.645963377643331,-0.856182559766406,2.0755858365992,0.666591193454428,17802,426,584,7921
"Sam Merrill",0.361616888039073,1.46892704328279,1.83054393132186,1.23903732280327,-0.997924190241763,0.815888571033922,1.5747147985482,10352,438,618,4125
"Mitchell Robinson",1.45789710935314,0.370822400553133,1.82871950990628,-0.0538759963005054,-0.545242200386186,2.26305377474892,0.390040627035382,10570,21,135,5133
"Brook Lopez",-0.00161621827237102,1.8077715272822,1.80615530900983,0.587068352199675,-0.631790248055924,0.071908502368294,1.65218179314152,30800,874,1836,12711
"Monte Morris",1.88741308756914,-0.0819254848819453,1.80548760268719,0.0613709268431304,0.220489614237638,1.89443615295978,-0.0248439918191706,8938,478,770,3203
"Julian Phillips",0.623929357821203,1.1703258625288,1.79425522035,0.345817794028954,-0.938448281390008,1.14106525298908,1.30211346091122,6104,61,331,2654
"Immanuel Quickley",-0.317629746157393,2.10269375360853,1.78506400745114,1.16470405974332,-1.76204997269687,0.297516057363489,2.10664240338501,21512,2194,3508,5056
"Svi Mykhailiuk",1.59371321064733,0.170338500769667,1.764051711417,-0.931477285860453,-0.0347332181373309,2.84709654551087,0.190088426486438,6814,861,753,1799
"Robert Covington",0.29277503498455,1.44669562967595,1.7394706646605,-0.294084509367585,0.0211213755771486,0.432464014663173,1.48869546753689,5199,145,161,2289
"Cameron Payne",1.45541280373156,0.248486367380507,1.70389917111207,-0.506541398872923,0.697820769894304,1.91851432625739,0.240668816523925,13921,1638,1635,3682
"Goga Bitadze",0.997968142103416,0.682449426039696,1.68041756814311,-0.124594988870713,0.0388373674955067,0.667794993776622,0.658980724113602,11364,364,597,4708
"Aaron Nesmith",2.72627316486676,-1.05118705938751,1.67508610547925,0.995183134294077,2.73449725490779,1.437890043069,-1.09628738793054,20739,437,1193,8710
"Kevin Love",0.758945894814202,0.908954801235329,1.66790069604953,-0.440834351492008,0.480662785161532,1.14699578933645,0.844252477004625,9865,685,924,3362
"Jimmy Butler III",1.58647008037844,0.0668302711076696,1.65330035148611,-0.32522664387376,1.46981099330466,1.59046827199623,0.120558424896053,7154,492,389,2696
"Lamar Stevens",0.0711011237168543,1.56163250165991,1.63273362537676,-0.690217538613779,-0.0760823328898144,0.664961127435823,1.59799658992835,7361,446,538,2700
"Moussa Diabaté",0.162413596828448,1.45310779796246,1.6155213947909,-0.771096654120736,0.718665178086161,-0.401162884685383,1.42793995679348,4940,144,232,2093
"Donovan Clingan",-0.065981104883196,1.67003699852712,1.60405589364392,-0.466602025442015,0.437356056787642,0.104811370816478,1.64384193204546,5550,50,86,2645
"Austin Reaves",2.80446505510256,-1.20155477006711,1.60291028503545,1.88341827913238,1.09880972753509,1.65955954535746,-1.35694317021303,29400,1895,2691,10125
"Bam Adebayo",-0.00952074897098627,1.60526551004743,1.59574476107645,1.43309743629168,-0.642057716976854,-0.983190864559086,1.51747175588737,30916,5632,5430,4398
"Desmond Bane",1.75422072319734,-0.165212793044383,1.58900793015296,1.82103008870392,1.58344222630316,-0.220879612638344,-0.205524615445379,23393,3964,4706,3012
"Mike Conley",1.89906070118861,-0.320485098400282,1.57857560278833,0.484924360293931,0.753341089928672,1.69619509072448,-0.269905509104054,24435,510,934,10792
"Derrick Jones Jr.",0.365697185827387,1.20647115395433,1.57216833978171,0.86529271834103,-0.984128053385873,1.1833248163396,1.18409541189234,18958,498,1516,7457
"Luguentz Dort",2.48775656149086,-0.916583512843517,1.57117304864734,-0.251745141349242,0.149914507316466,2.73766513629674,-1.05901093396871,27905,1250,1516,11191
"Daniel Gafford",1.6883325630163,-0.120289479268017,1.56804308374828,1.79715604166881,1.35579336582616,0.318172450776798,-0.171362640338584,19526,760,794,8200
"Cameron Johnson",1.95118089560394,-0.387653468794673,1.56352742680927,0.785807281499282,1.42671463175863,0.961994215974526,-0.53872639243562,18643,1490,2485,5345
"Malik Beasley",0.910645647115592,0.647857529733658,1.55850317684925,0.717252776328056,0.172990061974788,1.47867084080574,0.667453589231273,28353,2823,3603,7761
"John Konchar",0.0238909009974465,1.50980289385398,1.53369379485142,-0.675229784053681,-0.286945200026318,0.362987001351646,1.53010130964171,13483,261,490,5999
"Julius Randle",2.13924628999029,-0.612854388953421,1.52639190103687,1.56274346993311,1.60370157111761,0.608920233506395,-0.642455618234497,26776,5887,5781,1718
"Jared Rhoden",1.44465828821639,0.0814419035803067,1.5261001917967,0.401200478138069,-0.0909885088432934,0.951366033916195,0.280465682609667,2764,136,174,1080
"Payton Pritchard",1.18795525101649,0.32997871295686,1.51793396397335,-0.710008078392929,2.05172435588508,1.00451026047082,0.289655460583948,18939,1097,2183,6165
"Hamidou Diallo",0.284621963657935,1.19477716001724,1.47939912367517,-0.337194096993244,0.0416389045316103,0.572793515542727,1.25862537989555,4207,492,628,990
"Delon Wright",-0.748395976880266,2.21516793812025,1.46677196123999,-0.874619421609512,-0.846384734336227,0.217022817550637,2.42958114937459,10643,312,769,4247
"Dyson Daniels",0.617854731377873,0.844912024876731,1.4627667562546,-1.11778379428675,-0.863638342608335,1.4744158132578,0.717980782457369,21005,633,1107,8744
"Dennis Smith Jr.",-0.97083837409825,2.42184815600164,1.45100978190339,0.514041492808423,-1.0122009939269,-0.957394034807174,2.47277387443856,10074,608,1238,3206
"Gary Payton II",1.176252847217,0.270230675379275,1.44648352259627,-0.0487277994287327,-0.416722012218361,1.8770826027165,0.295160803234508,8173,256,821,3019
"Neemias Queta",1.96807543883312,-0.52790645039071,1.44016898844241,0.210790599240083,0.260622798354025,1.94108575658057,-0.401205674328375,4816,275,309,1827
"T.J. Warren",0.154441857643879,1.27423532111418,1.42867717875806,-0.125665431897174,0.305331657208811,0.0435096393643695,1.33123493603038,3398,108,328,1255
"Domantas Sabonis",2.06169342291364,-0.64877621199311,1.41291721092053,-0.231628895438897,1.30150484907817,2.27030639707586,-0.76322642944282,33546,1894,6733,8122
"Jalen Johnson",-0.45049866267406,1.84912384881147,1.39862518613741,-1.16130189487453,-0.0961116395357555,0.276585976229899,1.81322492687333,18117,852,2433,5768
"Onyeka Okongwu",1.84671744747453,-0.458971767211893,1.38774568026263,-0.123475857457623,-0.830336740026518,2.7503013715335,-0.496326717730337,22605,594,1276,9423
"Aaron Holiday",-0.561540223232125,1.94129305683544,1.37975283360332,0.48119544012145,0.032188374434948,-1.05762544227059,2.04053215349527,12147,751,1090,4241
"LaMelo Ball",3.52301773940218,-2.14788737817379,1.37513036122838,3.08672301005683,-0.314460167040639,1.04073663755917,-2.21867054258369,14792,5127,1466,776
"RayJ Dennis",0.275124095539571,1.08911943808743,1.364243533627,0.0165720839090996,0.248565641889849,-0.0676936973622121,1.18120601730585,298,29,20,101
"Dwight Powell",1.16655991623274,0.177355135954236,1.34391505218698,0.234088665157298,0.361624904967926,0.699546730903235,0.24368345189375,11648,87,215,5517
"Paul Reed",0.858762967179167,0.478720971376562,1.33748393855573,-0.674361382792783,-0.105182613341427,1.49066914675227,0.564378236878973,11316,444,658,4556
"Alex Reese",1.01923227567023,0.314063727761943,1.33329600343217,0.15153163023821,-0.469767104333795,1.2359790395255,0.391070671029762,920,8,39,407
"Christian Koloko",-0.779142841751787,2.08728865536038,1.3081458136086,0.408179801753824,-1.00913149336084,-0.347448205460302,2.17385975223627,4702,30,134,2177
"Naji Marshall",0.347072192941238,0.950709403093364,1.2977815960346,-1.79803718815496,1.29512366612199,0.413758655849299,1.01502179879668,20640,1496,2335,6500
"Dillon Brooks",-0.266012017265976,1.56331434415331,1.29730232688734,0.914936689627509,0.86920149122081,-0.89098960951349,1.44247134672939,28248,1753,2338,9997
"Drew Peterson",0.686639395989518,0.60996164777909,1.29660104376861,-0.246064416381138,-0.0335328197994839,0.986190961669646,0.639715783070879,821,26,19,370
"Jakob Poeltl",1.32584908203785,-0.0442316728487948,1.28161740918906,1.10111637874325,0.517050929791575,0.566254274398857,-0.196674144803538,20468,1027,1744,7464
"Jalen Suggs",-0.607486550512164,1.88480329132548,1.27731674081332,-1.76152692220213,0.90103451650592,-0.272507496249191,1.78460149338379,17635,1425,1632,5743
"Devin Carter",0.548462923874305,0.725495201078185,1.27395812495249,0.532700559175015,-0.295163886981883,0.582384160971583,0.72263828319708,1620,106,111,597
"Jonathan Isaac",-0.690281349519081,1.95617535390328,1.2658940043842,0.332335130391088,0.0583578882041185,-1.37208813301243,1.96499043890207,8596,474,719,3108
"Elijah Harkless",0.323821907593179,0.941788763378365,1.26561067097154,0.0174935155583675,0.0695395516798686,0.215460580118627,0.997278008109888,569,35,41,210
"Ty Jerome",2.37674293228532,-1.11564537055149,1.26109756173384,0.662107363432189,1.69397844567507,1.24584041024294,-1.14544723219085,9299,785,1442,2423
"Keegan Murray",0.511617104909137,0.725815471862852,1.23743257677199,0.39487099841143,-1.84423217924812,1.99358028837158,0.553052647944796,31526,712,1666,13346
"Ish Wainright",-0.230430997005651,1.46421558316202,1.23378458615637,-0.399560222255032,-0.218680206559222,0.257060746521261,1.52755907957164,4065,83,149,1807
"Donte DiVincenzo",0.997457260042102,0.226517437723915,1.22397469776602,-0.0302831255775848,0.603997566963668,0.739687661929585,0.255140866972787,24213,1422,3338,7351
"De'Andre Hunter",2.10663319768138,-0.904899246059131,1.20173395162225,-0.0337172566032177,1.4594643007799,1.89768363192609,-1.03225079646441,23468,1327,2783,7604
"Jose Alvarado",0.220625327264418,0.980961155761212,1.20158648302563,-0.0491004240874938,-0.388120216765875,0.293713071909595,0.998335239167356,15313,1071,1526,5077
"Jaylen Brown",2.46627830529471,-1.27042299213955,1.19585531315516,3.34241831790227,0.934364604452662,-0.105711166657301,-1.40058809480432,28644,9806,2867,1629
"Jonas Valanciunas",2.22023186184342,-1.03634032456067,1.18389153728276,0.603749085823898,1.68992443691996,1.35753955916345,-1.15039281908603,16022,1141,2241,4627
"Naz Reid",0.0785741971964876,1.08817650187048,1.16675069906697,0.4305402585535,-0.655991591214235,0.449660475817967,1.13456668727209,22438,2229,4191,4829
"Terry Taylor",0.12136703569513,1.02578273627671,1.14714977197184,0.0785513043813896,-0.108472258946785,0.119670274678353,1.1203326036698,1904,42,71,836
"Sidy Cissoko",-1.2999088060055,2.44473062129987,1.14482181529437,-0.285790836491501,-0.0840710661931788,-1.12886252717542,2.56025601549134,1074,20,15,497
"Oscar Tshiebwe",1.23801612171147,-0.104946502153171,1.1330696195583,0.134691443404139,0.910349341190759,0.301178154151604,-0.0333511618336529,1230,49,151,413
"Jaylen Wells",1.86601096706047,-0.758040284138244,1.10797068292222,-0.155464434682656,1.15816774823815,1.82536588589436,-0.851405105247959,8856,149,308,3968
"Michael Porter Jr.",2.2845645750795,-1.17767319592361,1.10689137915588,-0.495503797060924,2.00874020142144,2.42729412685875,-1.30273715840362,28750,1315,5303,7786
"Scottie Barnes",0.196584459463889,0.906669868913296,1.10325432837718,-0.12929685886405,-0.200444388647414,0.128252766173687,0.73672731961922,28683,3567,4709,6081
"Tyler Smith",-0.0207488872924241,1.12209958758775,1.10135070029532,-0.117397909742069,-0.534836758189666,0.483152798512209,1.24148059687922,510,41,68,147
"Caris LeVert",0.419415916252106,0.67508333233816,1.09449924859027,0.969379004994605,-0.369732582705887,0.76722790081247,0.728916347098711,23729,1994,3572,6282
"Oso Ighodaro",-0.991179319622659,2.06299878951205,1.0718194698894,0.134486411967018,0.413336697844517,-1.43318425987334,2.1143648718604,4257,26,97,2003
"Gary Harris",1.30620317668408,-0.236411701135222,1.06979147554885,-0.395855220566789,0.0307588880564609,1.34265306045231,-0.247298653268042,13015,96,173,6230
"Guerschon Yabusele",1.69423532400369,-0.632109388305708,1.06212593569798,0.54839926857364,1.77451253813284,0.144189010658164,-0.642022657828012,7589,475,716,2607
"Alec Burks",0.7665437492777,0.28918438557397,1.05572813485167,0.456867374822149,-0.357221187645261,0.612024393873155,0.297189073683464,13212,1399,1045,4172
"Frank Ntilikina",0.646437023279915,0.393188526188008,1.03962554946792,-0.553316386440537,-0.112392050939465,1.23438898253889,0.465076805760424,2701,177,218,952
"Khris Middleton",1.71490080217492,-0.718478324922963,0.996422477251958,0.792622029216355,0.480377806675091,1.69809607806106,-0.723854995094385,13398,1360,1988,3348
"Larry Nance Jr.",-0.422118824129393,1.39845715550138,0.97633833137199,-0.945538468948922,-0.92877837640051,0.421483077674832,1.42653834700551,12662,426,937,4968
"Damion Lee",-0.740309880768839,1.70085072078548,0.960540840016641,-0.519968217700538,-0.451494099133645,-0.144948297147606,1.82213616263447,6865,542,786,2098
"Cole Swider",0.0523923155664228,0.905077660860632,0.957469976427055,0.186654876381138,-0.0996513222395783,-0.152668676862081,1.10167265340477,1254,72,145,405
"Royce O'Neale",0.00754318653958542,0.934023177257943,0.941566363797529,-1.69783737829498,1.86252688178622,-0.0488418785869795,0.866140569299502,25431,883,2052,9781
"Daeqwon Plowden",-0.176779106993341,1.11244949541246,0.93567038841912,-0.184706847803333,-0.170320010661629,0.0748091597875774,1.19008932442776,297,6,33,110
"De'Aaron Fox",1.21550103092723,-0.280073175379579,0.935427855547655,1.21087738531848,-0.154585696148958,0.365227332097879,-0.317716259883761,31030,12344,1832,1302
"Robert Williams III",-0.635750667591009,1.56258733626694,0.926836668675928,-0.0471117633028827,-0.141123142161463,-0.484780936899459,1.62794814189004,5343,51,250,2369
"Yuki Kawamura",0.456091366918839,0.461400239834823,0.917491606753661,0.0842171685395174,-0.233208903682773,0.607351239935574,0.523958880399419,395,39,20,140
"Joe Ingles",1.87793562692602,-0.982265974028865,0.895669652897151,-0.0185234821806037,0.18495901168608,1.79664802400841,-0.991709876022845,9616,100,349,4353
"Trae Young",2.80216471733303,-1.91282086035107,0.889343856981956,1.54783011048579,1.79471701766658,0.495474283810354,-1.96774805032231,31221,11296,2932,1358
"Monté Morris",-0.0504944243261018,0.937003534734032,0.88650911040793,0.234572980093927,0.621695998934987,-1.23993971064145,1.0119196506975,2339,145,334,692
"Landry Shamet",-0.183214055334136,1.06719760681458,0.883983551480448,0.799797881443999,-0.270200935094158,-0.555765145307206,1.08391830783547,9566,611,1315,2868
"Dereon Seabron",0.318675160502465,0.552650963990038,0.871326124492503,0.0214811225463913,0.00610248783862322,0.274375739309313,0.575844762612869,277,5,30,102
"Dennis Schröder",0.541520647523348,0.317698451059477,0.859219098582825,-0.110227598331237,2.00528908752425,-0.95328361109186,0.245778845625357,8691,698,1354,2291
"Anthony Gill",-0.255656514610019,1.10840857857512,0.852752063965099,-0.417739877625541,0.932273286837966,-1.00311413771748,1.19887795619683,6187,254,494,2344
"Coby White",1.77962880643178,-0.927022322568246,0.852606483863535,1.90026531279898,-0.107040709540205,1.57203846055504,-0.990439268696799,29434,3534,4222,6955
"Ajay Mitchell",-0.664795284648726,1.5098344464912,0.845039161842477,0.388664687928008,-0.105973244623909,-0.734038748240725,1.55529413227081,2448,104,169,954
"Harrison Ingram",0.380561399307309,0.450358979796335,0.830920379103644,0,-0.0444801567753086,0.411249448315724,0.464016425138545,151,0,2,72
"Haywood Highsmith",-0.710871481595085,1.51045247355734,0.799580991962255,-0.580977496272612,-0.262919179285589,-0.360930953324025,1.47362732143995,16719,305,675,7399
"Maxi Kleber",-0.273166441059517,1.07079040508406,0.797623964024542,-0.189945124843826,-0.390066918328785,0.294396158584806,0.984780332164091,10056,232,365,4417
"Mikal Bridges",0.377772948011071,0.414736095285118,0.792509043296189,0.0416634266383166,1.3206530534704,-0.0950343427472519,0.354528511607879,36079,5221,3935,8895
"Cody Martin",-0.694487285613517,1.48624947339359,0.791762187780073,-1.70709810172274,0.683594868043102,-0.332386817019476,1.41148075214538,8470,315,631,3279
"Cam Spencer",1.13408987120337,-0.343618415315419,0.790471455887953,-0.276167244769886,0.576065950094803,0.931376169583883,-0.311144432128809,1063,29,98,402
"Jalen Pickett",-0.162826713242043,0.939136396385131,0.776309683143088,-1.03130817380783,0.3446878113654,0.393986309323339,1.06663419528139,3188,148,344,1099
"Clint Capela",-0.0585962815433806,0.828692599781653,0.770096318238273,0.54242549126927,-0.67711685526449,0.22486118494789,0.628704518202477,20381,243,683,9269
"Luke Kennard",2.4855109446973,-1.72442958517706,0.761081359520236,0.607645655216298,1.11595710697175,2.01137541432582,-1.71958024482147,15861,1134,1551,5255
"Cory Joseph",0.759745754323908,-0.0109853444512444,0.748760409872663,0.281480459842864,-0.523495366780342,0.825664908857987,0.0600022878732834,8713,302,379,3671
"Marcus Smart",-0.785909635475824,1.52483618329749,0.738926547821664,-0.167121702896292,-0.783819684617857,-0.368923484858704,1.43630527565891,13738,516,1209,5116
"Brandon Boston",0.244999957948265,0.489165325993453,0.734165283941719,1.01990725122267,-0.642751499519579,-0.413918529514337,0.499918459882441,4090,311,586,1142
"Ausar Thompson",-0.497129847864845,1.22399951921226,0.726869671347415,0.271105249177211,-0.678284145576811,-0.272337747297307,1.10678176157181,12228,458,1715,3936
"Armoni Brooks",0.920081433365135,-0.205936926154949,0.714144507210185,0.303968577065702,0.0346189718498259,0.6047564501024,-0.213154885271044,422,84,45,81
"Buddy Boeheim",0.156986669563636,0.555955736530454,0.71294240609409,-0.00278977370689887,0.0362474939866528,0.0691698383019906,0.620841643340402,709,44,35,275
"Jackson Rowe",0.460287773037419,0.246060563234787,0.706348336272206,-0.0624676526218211,0.0942458709150594,0.412278493372115,0.263612281076877,223,5,7,99
"Rudy Gay",0.0810850097452393,0.609935114200203,0.691020123945442,0.0506169668220207,-0.801140638705355,0.857394360567284,0.699227232656708,3457,152,352,1225
"Jay Huff",0.00228589988235829,0.670531635223891,0.67281753510625,0.818906361459966,1.45228471783012,-1.98313928236718,0.715710355314255,3872,312,495,1138
"Jason Preston",0.471033632007448,0.199554676686149,0.670588308693598,-0.0198833194685858,0.306486836723213,0.136135551508873,0.256229297054385,813,3,137,265
"Mike Muscala",0.21902981039707,0.424769747436042,0.643799557833112,0.300076148629749,0.307056413913256,-0.0148042770243369,0.476024460975134,6560,129,270,2893
"Jalen Smith",1.10436915970859,-0.469575292578088,0.634793867130502,-0.0229970266615957,0.415415102009277,1.28506524260455,-0.50896657301933,14080,890,1765,4377
"Dru Smith",-1.28703892342944,1.91496231261031,0.627923389180864,-0.288627673359222,-0.269117968684219,-0.825326066282089,2.00728916953638,2286,75,117,948
"Sandro Mamukelashvili",0.424460540485485,0.20283290546411,0.627293445949594,0.574634417658074,-0.471014252670663,0.203494673849671,0.273403295344114,7506,650,733,2381
"Montrezl Harrell",0.0810815049885977,0.541104599558282,0.62218610454688,-0.197393766227591,0.138716123782103,0.291985449784057,0.570885823067936,2831,209,237,973
"Oshae Brissett",0.944707907559101,-0.328899681044715,0.615808226514386,-0.0198170976075788,-0.170046373596951,1.18394835548735,-0.370187301048485,7723,365,589,2920
"David Duke Jr.",0.317903320387065,0.29667024285447,0.614573563241535,0.0249592177378899,0.329278466074589,-0.0789752709772018,0.344871663590902,1304,118,207,321
"Chimezie Metu",-0.235857557605991,0.850183842686893,0.614326285080903,-0.212721935599458,-0.752047699563211,0.315195820323518,0.945097224989066,6500,449,379,2429
"Isaiah Jackson",0.193024821003662,0.413712029666108,0.606736850669771,0.00616079675889854,-0.191325500080386,0.250546812230139,0.486703319149855,8074,263,562,3225
"Furkan Korkmaz",-0.0281576914483725,0.623518692770803,0.595361001322431,0.186403042461886,-0.0664817102128225,-0.205255735429481,0.658817654556141,2730,224,322,818
"Blake Griffin",0.0523059253211643,0.521962277345034,0.574268202666198,-0.143024792948594,-0.0493556755587643,0.287259072794522,0.5522510757117,2357,50,30,1094
"Kevon Harris",0.219230272924148,0.348022443742315,0.567252716666463,-0.0533596088671415,-0.161687303180692,0.383703689733023,0.318317296486508,1912,81,84,787
"Isaiah Stewart",-1.16747542062353,1.7185492085511,0.55107378792757,-1.60894263667701,0.0774494173792552,-0.645278244197517,1.71893266091335,17827,428,609,7876
"Jared McCain",0.20798611921964,0.340766658070808,0.548752777290448,0.665250503164639,0.119860901697032,-0.54457841004169,0.301731184638439,2393,337,334,530
"Anthony Lamb",0.163327666412359,0.366626737413101,0.52995440382546,-0.159602736471527,-0.190580076307549,0.262203087584485,0.400123003466072,5009,82,261,2165
"Patrick Baldwin Jr.",-0.0856172958832176,0.613323690624393,0.527706394741175,-0.227322104458907,-0.0193911971209028,-0.00751416079865676,0.791069768651667,3523,158,330,1265
"Vit Krejci",1.08833624343202,-0.569789410212128,0.518546833219896,-0.333638866760068,-0.247019543494397,1.45435183053573,-0.604674894596774,2846,75,104,1238
"Edmond Sumner",0.370736191755594,0.138981272156133,0.509717463911727,-0.131197881933899,0.185804603540409,0.337168300758968,0.146565047141725,3076,363,470,708
"Andre Iguodala",0.293962047470637,0.215750889509557,0.509712936980194,0,-0.0921387947375586,0.425876575119056,0.244875921377452,495,0,16,234
"P.J. Washington",0.162674283759321,0.340744117782944,0.503418401542264,1.01941866065991,-0.65871193520661,0.397906154716228,0.31679753318496,27131,2383,2771,8394
"Zach LaVine",1.35508598191577,-0.859790267518716,0.495295714397049,2.02105718046135,0.0463267966978316,-0.856353446124492,-0.870393127684658,25874,5563,2750,4621
"Jarred Vanderbilt",1.23255614478573,-0.745033942887249,0.487522201898481,-0.184391966142387,0.0456106884950606,1.71493007915433,-0.778614645867758,12718,322,575,5465
"Pelle Larsson",-0.0422317551998752,0.529751682945611,0.487519927745736,0.534577575240173,0.264600504560149,-0.713478820470258,0.604999030380925,3153,53,268,1263
"Kevin Porter Jr.",-0.817247883963241,1.2828444747118,0.465596590748554,-1.064196540839,0.0023336514578961,-1.05738621864035,1.30117821875644,14525,2284,3419,1580
"Marvin Bagley III",0.206861761190446,0.243299170336088,0.450160931526533,-0.194836708776144,0.248491352483943,-0.0826615450779053,0.237498749275209,9669,1001,1431,2402
"Vasilije Micic",0.892635773324654,-0.442506601990405,0.450129171334249,-0.807722897457398,-0.0431127424106516,1.61038545945717,-0.49382047556896,4739,287,286,1779
"Rodney McGruder",0.307722651259355,0.135743800036231,0.443466451295586,-0.0233226869749513,0.0921362775877946,0.152140980248945,0.141733647603725,2171,16,77,986
"Jerome Robinson",-0.0386818231918779,0.473802803561871,0.435120980369993,0.168058047537558,-0.0815951086469077,-0.149454494917414,0.491859054641349,337,35,52,80
"Matisse Thybulle",-1.18402534850925,1.61102542866119,0.427000080151947,-1.18884810729156,-0.119635989321346,-0.757790148045935,1.63129587099926,12408,275,489,5458
"Kris Murray",-1.6867526733094,2.10815643318199,0.421403759872589,-0.545114789389365,-0.211240534177089,-1.59248631226476,2.22926054276498,9855,198,512,4207
"Jaylen Clark",0.55195377032128,-0.134592726367526,0.417361043953754,0.191312248197071,-0.202637971774161,0.612833669802219,-0.105026296453172,2165,6,87,982
"Leaky Black",-0.0264126918379352,0.43704945824445,0.410636766406515,0.046412824229478,-0.156458706225133,-0.102578859477387,0.472369583622579,1158,11,36,530
"Gabe York",0.326612311271772,0.0840124974898479,0.41062480876162,0.0207760704039132,0.261472331687576,0.0428388853735663,0.0854427580092477,233,19,40,58
"Vasilije Micić",-1.46571325333497,1.87315625242867,0.407442999093702,-0.894666114070451,-1.51593165487296,0.00295467524614777,1.79836729635503,3165,143,496,939
"Kel'el Ware",0.476347598855781,-0.0733095433182124,0.403038055537568,-0.370906135009603,0.325255883992461,0.430834834273621,0.0355719217220507,5793,249,416,2236
"Xavier Cooks",0.29923695291616,0.0890531764265664,0.388290129342726,0,-0.0218944330660242,0.295065833557536,0.0978802476385797,560,0,18,262
"Isaiah Crawford",-0.00616513338261228,0.386892751468717,0.380727618086105,-0.0293814258420489,-0.190763821798604,0.223064107523491,0.445960158553062,185,7,20,65
"Amari Bailey",0.235774896999626,0.136069791832653,0.371844688832279,0.130220358410464,0.289746100151567,-0.230604938918711,0.16805356849475,261,15,33,82
"Jules Bernard",0.181276807644312,0.186362953400365,0.367639761044677,-0.0245303043041985,-0.118678375126866,0.287710423308643,0.198621529591638,636,90,16,209
"Jaylin Williams",0.256880037906692,0.10651270234539,0.363392740252082,-0.422322903935288,0.84627435503887,0.565910612742589,0.164974630244518,10817,116,560,4751
"Gabe Vincent",-0.649960352452827,1.00323231178516,0.353271959332332,-0.98910601378323,-0.921559654197787,0.381157472176592,1.03381814034138,14291,747,1031,5363
"Cole Anthony",0.21176601037174,0.141281303570793,0.353047313942532,-0.00614977171937239,-1.02328756905045,1.03812126386142,0.0260638808040323,18642,2538,2712,4078
"Ja'Kobe Walter",0.521411604480603,-0.185907459829343,0.33550414465126,-0.369016755456676,1.29420207906035,-0.515256738522928,-0.108954087181012,4569,208,576,1496
"T.J. McConnell",0.911734726004073,-0.579133075113395,0.332601650890678,-0.48364898190727,0.923122996999845,1.08254523767251,-0.514304470235152,17973,2115,1911,4986
"Willy Hernangomez",-0.163821109091492,0.496130874474579,0.332309765383088,-0.291301079341275,-0.465950379697654,0.45810474020639,0.509513412310424,1956,338,314,329
"Wenyen Gabriel",-0.448546664097421,0.76654675546655,0.318000091369129,-0.290566534649164,0.0132950141803777,-0.237368554458231,0.729234915192605,4667,154,350,1826
"Phillip Wheeler",0.0181617005999938,0.293135447231778,0.311297147831771,-0.233152651880615,0.0198763681168305,0.219865374930386,0.356273179672764,176,31,6,51
"Carlik Jones",0.130957750983173,0.179590583229412,0.310548334212585,0.0124286481853516,-0.0097124927475665,0.0949977545004594,0.184467766258002,233,5,32,82
"Nae'Qwan Tomlin",-0.436872705934111,0.736477690457069,0.299604984522958,0.0602890792510367,-0.0997503854359772,-0.53538157328886,0.790964742647167,272,51,8,77
"Boban Marjanovic",-0.123069531210823,0.414903197852454,0.291833666641631,0.308907169068631,-0.257659444113029,-0.246030191436866,0.507324022381894,990,156,161,181
"Kai Jones",-0.11070169253152,0.400297837253363,0.289596144721843,-0.00206666474808628,-0.0654298570032895,-0.345748867350396,0.492478847145814,4197,85,216,1803
"Jordan Ford",0.180057924262934,0.10945423199339,0.289512156256323,-0.0506728836102512,0.240029555421769,-0.019185521642208,0.123949574052507,85,2,33,7
"Wendell Carter Jr.",-0.825161372273958,1.1127923971747,0.287631024900743,-1.28639637157799,0.588276479717323,-1.21454724565353,1.0669644552845,19687,869,2440,6542
"Obi Toppin",2.38736829639467,-2.10188760447362,0.285480691921051,0.314853067835154,0.428275171502526,2.44376477997822,-2.1158367165539,18367,928,1992,6268
"Moritz Wagner",0.2784414220368,0.00362694246813882,0.282068364504939,0.124239651607258,0.165818864726051,0.232358336492515,-0.0150754017159202,12764,1392,2207,2780
"Terence Davis",0.237603624572208,0.038970929503242,0.27657455407545,0.293429737972443,0.402946771777045,-0.426264312117266,0.111921870670126,3632,477,358,982
"Walker Kessler",-0.497642417224129,0.773802674398616,0.276160257174488,0.149770383869569,0.0779961337751045,-0.626023360557746,0.694786832899762,20597,317,667,9313
"Karlo Matković",0.0774262575683754,0.198317418853531,0.275743676421907,0.435312924479904,-1.29880480749032,0.580480840573449,0.184552936946518,3315,204,312,1143
"Thomas Bryant",0.581504907939702,-0.310715645361493,0.270789262578209,-0.26025572086862,-0.218862845089107,0.611534718914288,-0.279034395818167,10366,628,1229,3347
"Alize Johnson",0.0956866710383707,0.17000671995226,0.265693390990631,-0.00680113850117283,0.0517562314897757,0.0389761243331983,0.178576954345988,123,28,6,28
"Cui Yongxi",-0.0297651419019623,0.292929460583525,0.263164318681563,-0.122592165167543,0.0319305645560442,0.0377779059567237,0.312734130222701,45,5,2,14
"Cody Zeller",0.214282310964551,0.0450372488057202,0.259319559770271,-0.19814439140241,-0.125499717966602,0.418268603607353,0.0706281412984681,2242,120,42,965
"Facundo Campazzo",-0.101827293925546,0.35217064830631,0.250343354380764,-0.0907209362077974,0.0070959449967058,-0.0212630819952622,0.367812210794784,207,12,22,68
"Malcolm Brogdon",0.0702783115945105,0.172913534358574,0.243191845953085,-0.1520631688886,-0.451915069249749,0.245352914269797,0.112903175779303,14202,1860,2675,2583
"Saddiq Bey",2.52700736566113,-2.2914285263398,0.235578839321323,-0.0606625128050123,1.34473795332281,2.26514664310831,-2.34184033931273,17608,896,1056,6847
"Branden Carlson",0.311808358897349,-0.079795830252775,0.232012528644574,-0.492561723111748,0.167771604989941,0.579409079712048,0.0244122144519134,1028,69,81,363
"Mason Plumlee",1.57269422880023,-1.34573299442606,0.22696123437417,0.00298024929721602,-0.490488134539816,1.6912547209545,-1.39278993314102,16807,134,307,7964
"Luka Samanic",-0.507325114622375,0.731770824487996,0.224445709865621,0.200972817835339,-0.201990660745082,-0.641363998959917,0.721016539251371,2402,261,367,569
"Jarrell Brantley",0.00805967944217516,0.212428751129206,0.220488430571381,-0.0452221176777825,0.0351298985783226,0.00360941669501127,0.21817847401538,159,9,16,54
"Moussa Diabate",0.281117561341469,-0.0666190655167138,0.214498495824756,-0.031241114994972,-0.279607296831316,0.48742539128951,-0.0724920450427205,1058,24,31,475
"Kelly Olynyk",1.31511432953543,-1.10384727387874,0.211267055656691,-0.115195004056066,-0.187269602799059,1.66883746179604,-1.14445653479308,19204,799,864,7928
"Daniel Theis",0.760609493878618,-0.559913050546282,0.200696443332336,-0.413984682491177,0.143137708531223,1.20112104364659,-0.564190943385353,7249,260,352,3025
"Joshua Primo",0.0375811505096337,0.1447822886752,0.182363439184834,-0.0560993464267913,0.0782456188301522,-0.0262032092846719,0.15606141002883,444,35,31,155
"Marko Simonovic",0.0229067157249622,0.158899593218663,0.181806308943625,-0.006612746355933,0,0.015477047782727,0.163453544257224,89,4,0,43
"Jalen Bridges",-0.202602880655053,0.368857126028112,0.166254245373059,0,0.0633577274324755,-0.285315229803013,0.402489432625604,119,0,5,53
"Markquis Nowell",0.0359607714920833,0.13028663374762,0.166247405239703,0,0,0.0357464185235006,0.134660877524498,14,0,0,7
"CJ McCollum",1.85916359612877,-1.69766849739676,0.161495098732004,2.69074793798334,-0.31608456214882,0.431400874067815,-1.83485519853577,27510,4596,5085,4049
"Maozinha Pereira",-0.488336024317537,0.647630765523342,0.159294741205805,0.0770603241295637,0.0947318596601575,-0.72722312450862,0.702290213225707,504,24,25,206
"Henri Drell",0.173374885680719,-0.0154783419392415,0.157896543741478,0.074083651785724,0.0669529831674669,0.0275704723991534,-0.024347993242979,133,14,18,37
"Jahlil Okafor",0.051939464453407,0.105036599702026,0.156976064155433,0,0,0.0534181589531016,0.111676513843968,15,0,0,8
"Mac McClung",0.145762841875006,0.00968781616525517,0.155450658040262,-0.051518280168613,-0.167280841921416,0.327927958218685,0.017133690931047,221,11,44,57
"Isaiah Wong",-1.53254826139277,1.6859931556163,0.15344489422353,-0.449574669921058,-0.74482102711445,-0.726908038685774,1.68816742455261,1088,167,107,279
"Grayson Allen",1.57817157255106,-1.42625181564628,0.151919756904788,0.266286806125761,-0.626441081796103,2.49651095966966,-1.46436687445886,25135,777,1385,10403
"Adama Sanogo",0.00665896808901725,0.138642508662447,0.145301476751464,-0.0449552946701803,0.152198709241993,-0.12201477091605,0.130853066761968,366,15,47,124
"Cason Wallace",0.0203963768875328,0.120083398301634,0.140479775189167,0.289038200913688,0.223676707771612,0.0319770692429405,0.0250820185487184,14947,229,430,6820
"Trevor Hudgins",0.0124401435272383,0.125288586086972,0.137728729614211,-0.139160333460578,-0.0310920858073254,0.17510304914563,0.133986896033587,111,14,10,31
"Malcolm Cazalon",0.126058886294059,0.00889497525708122,0.13495386155114,0,0,0.128080714187011,0.0107947803823195,11,0,0,5
"Filip Petrusev",0.0288474596066824,0.102413747323721,0.131261206930403,0,0,0.019625191323531,0.108418200753779,36,0,0,17
"Malik Monk",1.10846431496454,-0.979188522334317,0.12927579263022,-0.627764164798685,0.830190539331329,1.70275758819079,-0.994292758251529,23792,3899,4240,3759
"Julian Champagnie",0.69038966969657,-0.571867946109815,0.118521723586756,0.262117718448066,-0.813131713532828,0.828676918486958,-0.594415173485118,15766,650,1006,6241
"Ron Harper Jr.",0.221012313768143,-0.10271577920501,0.118296534563133,0,0.00661864967188807,0.187815692972541,-0.0631330689381529,274,0,10,126
"Kyshawn George",-0.592382853329856,0.706438574604376,0.114055721274519,-0.336701045876089,-0.411843116473253,-0.797135985134122,0.689142372707065,7627,229,395,3193
"Donovan Williams",0.0355428910195859,0.0777167511642518,0.113259642183838,0,0.0333458661292324,0,0.0782785137706744,19,0,9,0
"Deonte Burton",0.113582402277039,-0.00498968630069963,0.108592715976339,0,0,0.115156361036487,0.000872831016332936,29,0,0,14
"Jordan Schakel",0.0529630490140674,0.0540663024335601,0.107029351447628,0,0,0.0482266060265434,0.0556114599432292,22,0,0,10
"Kemba Walker",0.0798699499588136,0.0225529282756117,0.102422878234425,0.086995641883776,-0.131156519359928,0.111891357779668,0.0405096203992611,573,59,63,164
"Nate Hinton",-0.0842574411403585,0.186395519675217,0.102138078534859,-0.153980179808314,-0.0391076305920353,0.096096627453384,0.240865197517935,339,24,6,141
"Keaton Wallace",-0.865883842665877,0.96091757783862,0.0950337351727427,-1.3531684758765,0.495999591054439,-0.375423119041872,1.02017998596406,2100,128,185,739
"Trey Jemison III",-0.539626017518346,0.632110432939167,0.0924844154208211,-0.427892975459598,-0.151472755694359,-0.299083406945573,0.708743534785963,1563,60,71,647
"Andrew Funk",0.021650796401899,0.0688756590694366,0.0905264554713356,0,0.0417213420472121,-0.0210861652960892,0.0770073923335865,55,0,2,26
"Jazian Gortman",-0.357874716602394,0.448262285852814,0.0903875692504197,-0.0854928449217593,-0.11257283569541,-0.252358840924839,0.465878286993548,248,13,39,76
"Harrison Barnes",2.33444497375818,-2.24421129658371,0.0902336771744743,1.09029852001166,0.41346519304659,1.55516757922973,-2.34149838459968,30425,177,1205,13818
"RaiQuan Gray",0.443155453983088,-0.354388284964335,0.0887671690187527,0.187269293283446,-0.0402555888705593,0.284658305385043,-0.329302240415563,304,38,60,53
"Tolu Smith",0.0696514686533694,0.0132481566496185,0.0828996253029878,-0.0591193186453664,0,0.110524444585713,0.0377851227249838,89,5,0,40
"Bobi Klintman",0.434957378953759,-0.35382973834054,0.0811276406132191,0,0.185225934294424,0.254717721638822,-0.306590460650558,165,0,10,71
"Olivier Sarr",0.0379906336375937,0.0426856415075424,0.0806762751451361,-0.0693476625234878,-0.191726582977412,0.259036808311824,0.0987871183040781,875,18,64,357
"Danuel House Jr.",0.0853511637384784,-0.00471605491886737,0.080635108819611,-0.137475590899506,-0.111119735341695,0.176781091305046,0.0396244478191825,5447,244,530,1941
"Shaquille Harrison",0.0990658904592444,-0.024630268088526,0.0744356223707184,0.0621676466785601,0.0752998602121176,-0.0595678233964325,-0.00855541128225738,530,64,45,155
"Malcolm Hill",-0.012061988616138,0.0864695487169119,0.074407560100774,-0.00264786255866956,0,-0.0118496818795257,0.0930429128860262,42,3,0,20
"Brandon Ingram",0.483576949798026,-0.409719979302748,0.0738569704952783,0.716529392255101,-0.564755266454663,0.736578352027418,-0.500030079096849,17286,5184,1020,2426
"James Johnson",-0.192019378275347,0.263868115268019,0.0718487369926716,0.00398155994458627,-0.248777647296893,-0.0825553528950725,0.293791997537008,1024,52,87,375
"Trey Lyles",0.385274395512627,-0.313555154614417,0.0717192408982102,-0.531266531673819,-0.211960822650433,1.0067851182395,-0.296614531712572,15609,640,1416,5762
"Jalen Crutcher",0.0140300058451571,0.0543768519243272,0.0684068577694842,0,0.0161439516831466,0,0.0567088482600069,9,0,5,0
"Izaiah Brockington",0.0723886835655835,-0.00710682404504213,0.0652818595205414,0.0721584857695234,0,0,-0.00036473202238123,16,8,0,0
"Louis King",0.166968326896766,-0.102820213004299,0.0641481138924667,0.0852196593717254,0.0887331677109581,-0.018230680416485,-0.101058473195678,124,12,18,31
"Keshad Johnson",-0.384903739459969,0.44214527574765,0.0572415362876814,-0.076977440632708,-0.21043523672868,-0.166776819050263,0.554753772868842,418,6,8,198
"Isaiah Stevens",-0.20158193825636,0.256805190607763,0.055223252351403,0,0,-0.208994331230679,0.268014061494427,22,0,0,12
"Sasha Vezenkov",0.146931065398852,-0.0959103356325325,0.0510207297663197,-0.185983631015072,-0.0508896102204411,0.291126515923334,-0.0806008743954816,2142,95,241,745
"Dmytro Skapintsev",-0.00636142257223387,0.0516261032754901,0.0452646807032562,0,0.0188947798736989,-0.0257622906248396,0.05411949002136,8,0,2,1
"Jeremy Sochan",0.283292187002962,-0.240644018282521,0.0426481687204403,0.159794357923905,0.144792413613029,-0.129389969992314,-0.33538239837038,21147,964,1466,8144
"Joe Wieskamp",-0.175566335339993,0.216495109831417,0.0409287744914243,0.0195491506130663,0,-0.213199443970115,0.227459364141779,209,17,0,88
"PJ Hall",-0.624231198684111,0.660671495694616,0.0364402970105042,-0.216675268756213,-0.0537190992294364,-0.547105336028468,0.707550209256194,256,8,10,107
"Jake LaRavia",0.392363024721854,-0.356851144111117,0.0355118806107366,0.520573507917289,-1.18843444373139,0.805128903632024,-0.36511862719817,10721,409,841,4118
"KZ Okpala",-0.431387595273773,0.466879346332655,0.0354917510588814,-0.00747126080718642,-0.0914218809927334,-0.334990987683799,0.493796720411415,1076,3,16,517
"Zyon Pullin",-0.0146873241368132,0.0494396831194135,0.0347523589826003,0,0,-0.0140532130374267,0.0522389792623116,10,0,0,5
"Ashton Hagans",-0.261389727477772,0.292067777857332,0.0306780503795596,-0.512251022489334,-0.0635493391937941,0.0962243224755951,0.332062897387381,1247,95,84,440
"Leandro Bolmaro",-0.253580914481544,0.278849077735823,0.0252681632542787,-0.141966846343107,-0.142485271074032,0.0203415168104686,0.298238871065409,285,24,28,91
"Chris Silva",-0.0135192364935245,0.0378985860854083,0.0243793495918838,0.0190460813515112,0,-0.0346960197261696,0.0396609102414826,16,6,0,2
"D.J. Wilson",0.0371888291816683,-0.0190940682584411,0.0180947609232272,0.0354998764319792,-0.003320325383181,0.0186577317847004,-0.0168149670791749,59,4,17,9
"Justise Winslow",-0.424734109741402,0.440448226773215,0.0157141170318127,0.0086954813460155,-0.308926214522619,-0.257731673619071,0.417478783145308,3158,72,220,1285
"N'Faly Dante",0.505715522238049,-0.495868795623137,0.00984672661491232,0,0.124217034987126,0.344919870809988,-0.515436476280942,221,0,16,97
"Darius Days",-0.0297090964641838,0.0393403556531226,0.00963125918893881,0.123247764751793,-0.0378219412835865,-0.123377887431554,0.0436353475006685,101,20,5,26
"Goran Dragic",-0.0719543852305756,0.07879887723092,0.00684449200034437,0.0101651853914761,-0.307911873656151,0.0729538698236887,0.0830562490220354,3703,283,764,808
"Javonte Smart",-0.0256740964747571,0.023862299888199,-0.00181179658655808,0,0,-0.0260045320762518,0.0251122655847951,2,0,0,1
"Skal Labissiere",0.0797884654483563,-0.0840634387013197,-0.00427497325296347,0.027293961645507,-0.04229256043355,0.0930927893197756,-0.0637989852103046,52,3,1,21
"Duane Washington Jr.",-0.295547297198181,0.288186536493458,-0.00736076070472297,-0.42627178922629,0.258510864401106,-0.260950135693505,0.281752407910936,1655,441,88,299
"Juancho Hernangomez",0.41631978804115,-0.423962313067861,-0.00764252502671092,-0.0814999724682889,0.179409717600807,0.419144018822965,-0.425414726697082,2504,50,114,1095
"Max Strus",0.085496643205044,-0.0931528396276038,-0.00765619642255981,-0.0805740147726541,-0.560944409853353,0.671298024982867,-0.134768677644421,23729,937,1527,9400
"Charlie Brown Jr.",-0.0537767805740878,0.044060377104736,-0.00971640346935185,-0.0518552478580555,0.0203299965092472,-0.03067879746173,0.0460980931843061,144,15,2,52
"Tyler Dorsey",-0.0641949706950962,0.0537038660725516,-0.0104911046225446,-0.00208120163261331,0,-0.0693032787841401,0.0562555535742047,31,10,0,6
"Khem Birch",-0.064108282412067,0.0507551228741114,-0.0133531595379557,-0.0782951838426998,-0.044019288243682,0.0829610710172706,0.0541549761555424,650,39,20,265
"Kendrick Nunn",-0.133351192905563,0.11759908282669,-0.0157521100788737,-0.57805112233903,-0.0449486144804091,0.409824564822964,0.101850651472427,4090,591,626,834
"Jahmir Young",0.308717443646129,-0.328451689963527,-0.0197342463173978,0,0,0.309197850008818,-0.308854971978044,130,0,0,66
"Kaiser Gates",-0.0925198382418264,0.072222057580921,-0.0202977806609055,-0.0672988714497075,-0.0384339530222589,0,0.0709836238673586,32,7,9,0
"Ben Simmons",1.18785256701866,-1.21334770057347,-0.0254951335548135,-1.02004982011352,0.107105167513433,1.94469966377881,-1.24377941699631,10597,574,627,4097
"Jalen Wilson",0.468029868879294,-0.495382433627192,-0.0273525647478981,0.222260887424191,0.61540200232102,-0.610368533211803,-0.485291169180493,10711,425,816,4125
"Devon Dotson",-0.142600044878616,0.112897158136243,-0.0297028867423727,-0.15686788390408,0.00416073816075738,0.00701047816511546,0.0979127473464906,214,11,9,89
"Michael Foster Jr.",-0.0335034498174769,0.00360711019097932,-0.0298963396264976,0,0,-0.0345377306030749,0.00439967561266214,4,0,0,2
"Richaun Holmes",0.215016767448961,-0.245747297674409,-0.0307305302254478,-0.572887549891917,0.251746322326739,0.00514472914672736,-0.217393205135135,5995,373,449,2177
"Jabari Smith Jr.",-0.23625600672687,0.205233841394714,-0.0310221653321559,-0.459424028595468,0.0574748950181248,0.096026360844643,0.202121796861164,27296,605,1366,11688
"Collin Sexton",2.29232468454554,-2.32575160886935,-0.033426924323809,2.06133934327053,0.835317526912055,0.981287563207868,-2.37436630523819,20876,4512,2815,3106
"George Hill",-0.716286490984738,0.682858313490303,-0.0334281774944352,-0.142219719583663,0.0498730245897679,-0.684591940297407,0.706361134752882,3459,68,114,1560
"Jarrett Culver",-0.0847959646215741,0.0500436614636915,-0.0347523031578826,-0.142826717877086,0.0548674396526001,0.0171609010936565,0.0281205649563575,574,31,23,230
"Dexter Dennis",-0.221082242926904,0.185203008707664,-0.0358792342192406,-0.183349774651476,-0.097012838639407,0.0294865273122105,0.188952654326458,145,48,7,19
"Talen Horton-Tucker",0.611152391484925,-0.649662246273783,-0.038509854788858,0.402302351314243,1.00288521594041,-0.526370336305435,-0.503285471681797,12942,2066,1996,2420
"Riley Minix",-0.0707707902969494,0.0303163605065802,-0.0404544297903691,0,0,-0.0839063358084072,0.0373338204459064,29,0,0,15
"Sterling Brown",-0.057217138916956,0.0149637814627884,-0.0422533574541677,0.0106396122133567,0,-0.063689378893377,0.0121571384615616,116,5,0,52
"Cam Whitmore",0.746061788940079,-0.791817435078315,-0.0457556461382362,0.582538615724836,0.771744411178353,-0.27132292835085,-0.772513274272283,7178,1218,702,1662
"Vlatko Čančar",-1.23058656804637,1.17768659855728,-0.0528999694890908,-0.364492737387081,-0.465601967919397,-0.570419160038109,1.21927272336713,573,27,59,198
"D.J. Carton",-0.306806427095586,0.250857838619445,-0.055948588476141,-0.168412738587636,-0.0150009961628144,-0.172217189513021,0.259792695813245,304,6,24,126
"Frank Jackson",-0.052184017041914,-0.0111160649365537,-0.0633000819784677,0,-0.054137337029403,0,-0.011805075346579,19,0,10,0
"Matt Hurt",-0.477980134620119,0.414233523891911,-0.0637466107282074,-0.0756305164140578,-0.199594057207728,-0.301287458337028,0.408621080601784,455,16,44,170
"Isaiah Mobley",-0.525771461019155,0.461252034603464,-0.0645194264156911,0.151188169323275,-0.392542856522818,-0.430971279355804,0.483594423201872,691,17,124,206
"Jalen Slawson",0.00599635342743869,-0.0730666322934851,-0.0670702788660464,0,0.0316294744375573,-0.0546909841458334,-0.0433729548813901,140,0,11,58
"Brandon Williams",-0.81129248907943,0.737091699202905,-0.0742007898765243,-1.32209655884871,0.0174606170413216,-0.242368957838773,0.802135118258208,2568,272,376,635
"Luka Garza",0.299013350136626,-0.376162675580006,-0.077149325443379,-0.657865705131702,0.282891100636263,0.541181448960126,-0.289485334115805,2492,364,328,554
"Frank Kaminsky",-0.0222832693407169,-0.0739090889675301,-0.096192358308247,-0.128490722736077,-0.0888947362985519,0.173257502827848,-0.0470580429194627,966,69,111,302
"Jaden McDaniels",0.0877035468795838,-0.184423883097292,-0.0967203362177078,0.0881082241409498,0.405901320071236,0.17123248007124,-0.371393385266028,29298,578,1650,12404
"Bogdan Bogdanović",-0.80251017826473,0.703273337719567,-0.0992368405451636,-1.02948095410872,0.606290558956963,-0.554188897835287,0.697732049508143,5613,188,562,2050
"Chima Moneke",-0.0672116148242004,-0.0416170610329773,-0.108828675857178,-0.0203124906474261,0,-0.0465536389829394,-0.0418257139039082,34,3,0,14
"Gordon Hayward",-0.384325096710295,0.273020579392711,-0.111304517317584,0.177905297661836,-0.333357035867295,-0.498667940531193,0.199172612282935,11879,476,1212,4260
"Andrew Nembhard",-1.34448035380756,1.22579065395374,-0.118689699853817,-1.14548276240042,-1.40713023549589,0.804251284843484,1.15959280049536,23770,1203,1552,9124
"Kevin McCullar Jr.",-0.32128888635332,0.198172520242962,-0.123116366110357,-0.0967591880199159,0.0334496144205281,-0.312978784613133,0.228210010903772,124,4,14,44
"Isaiah Todd",-0.243837256025828,0.120261202072321,-0.123576053953507,-0.00163227713247658,-0.0456068234497156,-0.227768168571942,0.126241168931777,268,10,33,91
"Greg Brown III",-0.561444929032966,0.427746517702102,-0.133698411330864,-0.141778808941822,-0.135534688292341,-0.388695542349261,0.479773051480691,574,8,68,212
"Luke Travers",-0.0235645235322427,-0.11196951271061,-0.135534036242853,0.118552855570347,0.143359598425753,-0.397615842233995,-0.0636527020437446,357,31,20,128
"Georges Niang",1.70829560112479,-1.85677588997674,-0.148480288851953,1.34797704299954,0.93910301884162,1.25229566539879,-1.94195229939552,20727,1426,2533,6370
"Nikola Vucevic",0.142691690911115,-0.294391614060559,-0.151699923149444,0.0637927756232888,0.0695621838586458,0.149701298984332,-0.368748785396357,21791,5037,1592,4246
"Johnny Furphy",-1.23128804183672,1.07521230107164,-0.156075740765074,-0.120909633878963,-0.213087712629185,-1.09243943099047,1.18832712785544,1621,14,141,658
"Mason Jones",-0.415972018178783,0.249392885055228,-0.166579133123554,-0.00130866094130644,-0.0244021660931812,-0.435598855747018,0.321459259195641,297,45,16,86
"Mfiondu Kabengele",-0.0857885452469982,-0.0818141247495869,-0.167602669996585,0,0.00933538584318319,-0.0797801700727946,-0.0806521150094815,143,0,3,67
"Victor Oladipo",-0.183080840480044,0.0038249599518899,-0.179255880528154,0.362297575647295,-0.398241725710217,-0.302302705029683,0.013731550254759,4443,553,388,1286
"Trentyn Flowers",-0.382944499096358,0.199830359700728,-0.18311413939563,0.0661831286285598,0,-0.50326738765271,0.194564044773224,115,31,0,26
"Marcus Sasser",-0.435153813483492,0.246598480875522,-0.18855533260797,-0.446448511613267,0.502812522926845,-1.00026899920899,0.355521631164117,9040,727,1144,2655
"Patrick Beverley",-0.659442977176805,0.469871360542274,-0.189571616634531,-0.987183791875102,-0.315497844531027,0.00340766277472428,0.410822701755158,13444,249,366,6101
"Jordan Walsh",-0.457375932654675,0.267707199306313,-0.189668733348362,-0.0915118881394437,-0.158093021234372,-0.191924913624736,0.319437534610821,1920,29,49,891
"Santi Aldama",0.765853770204397,-0.958336832613587,-0.19248306240919,0.653131348634875,1.28133747046774,-0.247468063180968,-1.05954060671153,20775,987,1850,7555
"Christian Wood",-0.0727767223409087,-0.120021126657041,-0.192797848997949,-0.156938510217477,-0.0188074243215694,0.0444466940941107,0.00519303937750809,10612,1434,1969,1913
"Emanuel Miller",0.163507655699955,-0.359871888367878,-0.196364232667922,0.0483585915682584,0,0.119525335767878,-0.34289683626474,104,15,0,37
"Liam Robbins",-1.02738577968971,0.826116573767521,-0.201269205922188,0,-0.160008716827949,-0.942377470303154,0.873848054882158,239,0,10,112
"Dennis Schroder",0.428720578536433,-0.634527300728612,-0.205806722192179,0.584412791870671,-0.19243367325158,0.309323089235326,-0.76289288669647,18450,996,1641,6592
"Mamadi Diakite",-0.61836387931732,0.409468912727595,-0.208894966589725,0.0183580319634435,-0.0216153604937802,-0.648066755451682,0.441743852340659,775,54,66,265
"E.J. Liddell",0.334651657639581,-0.544753072248635,-0.210101414609054,-0.0451719210682697,0.266356759601818,0.0969710762540132,-0.522797172445027,326,17,45,102
"Yuri Collins",-0.160204313030011,-0.050903468186902,-0.211107781216913,0,0,-0.182428205003326,-0.00945961235853327,68,0,0,34
"Raul Neto",-0.122776057941098,-0.089124439841876,-0.211900497782974,-0.298709286573845,-0.0219126838535856,0.115503826888942,-0.0744769329105531,1991,60,93,843
"Jack McVeigh",-0.798051987897644,0.582431598206219,-0.215620389691426,-0.484647528769899,-0.0521680766496328,-0.331395232757893,0.597468581776944,191,19,16,59
"Vernon Carey Jr.",-0.341843975528514,0.121703791344259,-0.220140184184255,-0.064045176246652,-0.00344904616218467,-0.286903757769653,0.134998622456077,117,11,2,46
"Isaiah Thomas",-0.0847846399989017,-0.136038018974319,-0.220822658973221,0,0.0814596877725215,-0.178700035761573,-0.140394835865408,76,0,16,23
"Duncan Robinson",0.137421121358446,-0.360495186388663,-0.223074065030217,-0.428798265698275,-0.0390615964749397,0.0706812161477308,-0.438679623545996,17663,1330,1627,5871
"Matas Buzelis",-0.443781899953706,0.220582084531443,-0.223199815422262,-0.0584879108964116,0.0638588016907091,-0.193165322339543,0.15982065544152,6572,395,472,2411
"Lester Quinones",-0.742232053572246,0.511407920277237,-0.230824133295008,-1.08149516831272,-0.193702265541316,0.16267621850431,0.611461749766855,2508,210,182,857
"Micah Potter",-0.332840755314905,0.101234030028993,-0.231606725285912,0.202753599885204,0.320168237210814,-0.754387838158522,0.116233700605462,3927,78,175,1716
"Jared Butler",-0.409060783415149,0.166952146679512,-0.242108636735637,-0.391741212798672,-0.0404809985980047,-0.330221819335842,0.274029412260687,7098,1003,834,1702
"Nikola Vučević",0.783017487315871,-1.03016127255696,-0.247143785241088,-0.395247747130767,1.35292440196376,-0.155212618321625,-1.17958628336303,9852,1714,1513,1699
"Derrick Rose",-1.22450209341956,0.972553657659925,-0.251948435759632,-0.839471972690771,-0.28232575596548,-0.484247434624595,0.971592171312233,3100,342,314,900
"DeJon Jarreau",-0.430908729831792,0.178462610893435,-0.252446118938356,0.0185991039140738,0.114167633477974,-0.629497320857654,0.209735026647394,618,29,51,223
"Miles Bridges",-0.124130651037451,-0.13016434635654,-0.254294997393991,-1.33403715915645,0.576360842360304,-0.665267413769802,-0.435939459320554,18984,4169,3276,2041
"Alondes Williams",-0.325080014812672,0.0643375485659866,-0.260742466246685,-0.187708176865835,-0.0889224866238646,-0.0620226705541397,0.0848534156642413,108,12,7,34
"Trevor Keels",-0.196587926288508,-0.0663946062571067,-0.262982532545615,-0.0507108956281329,0,-0.146090979349929,-0.0634828339022589,35,3,0,16
"Jalen Duren",1.06192641299439,-1.33000093718395,-0.26807452418956,0.518686934085027,-0.195105486662055,1.04098605531407,-1.43220071823802,22836,564,1495,9377
"Terrence Shannon Jr.",-0.943297802763438,0.675032178914768,-0.26826562384867,0.0921200780954613,-0.0357314303187797,-1.08652533339955,0.723834446788621,1432,64,100,557
"Ricky Council IV",-0.0550320266773366,-0.216475249697808,-0.271507276375144,-1.08295609746491,-0.0388075033678573,0.756479450500984,-0.143123800239852,6295,422,749,1972
"Meyers Leonard",0.0967159948025242,-0.36868778773224,-0.271971792929716,-0.0264568570720724,0.0456484387747283,0.0521972114065659,-0.379019633585332,470,28,19,187
"Otto Porter Jr.",-0.274704894154101,0.00188807328463889,-0.272816820869462,-0.0165794256701756,0.0115804259035176,-0.285711468036654,0.0303056710575807,1343,16,39,611
"Tazé Moore",-0.779426237019839,0.505020817174418,-0.274405419845421,-0.172757245115091,-0.488260468910165,-0.148065150989224,0.521410236053131,89,13,23,10
"Kendall Brown",-0.77243193228977,0.496686613638835,-0.275745318650935,-0.082211822693602,-0.230994628178177,-0.546225090008865,0.532339892669583,448,14,26,184
"Tristen Newton",-0.439924846017273,0.162540282576129,-0.277384563441144,0,-0.193826070287103,-0.276543576514053,0.166183428759707,75,0,23,14
"James Bouknight",-0.588647918431662,0.298305979726041,-0.290341938705621,-0.0414748014884601,-0.299210647905454,-0.479265089002428,0.365158838865102,2458,224,239,760
"Stanley Johnson",0.213997904694867,-0.506184285270162,-0.292186380575295,-0.00722983680817461,0.132342014810426,0.0225115276074682,-0.483760434745399,1990,142,133,716
"Terquavion Smith",0.0761602389669761,-0.370507110146862,-0.294346871179886,0.114067051879641,0.172152652169963,-0.210955489625974,-0.36603657499461,380,67,48,76
"Anton Watson",-0.0919095902177364,-0.202759876023985,-0.294669466241721,0,-0.386015523599071,0.237273127247462,-0.201777247452352,103,0,29,22
"Noah Vonleh",-0.08530741817818,-0.209532987730413,-0.294840405908593,0.0412246500503274,0.110327626966401,-0.180329115425489,-0.198314155771249,707,2,47,303
"Seth Lundy",-0.214928221602777,-0.0865717122228948,-0.301499933825672,-0.0987547344359198,-0.12900898634279,0.0058031565879233,-0.0758202391636963,212,9,37,62
"Kira Lewis Jr.",-0.688632920365801,0.3868744222814,-0.301758498084402,-0.776541816013329,0.233261438212845,-0.36653978225733,0.422783323139348,2069,145,342,540
"Josh Giddey",1.11719904631306,-1.42143099488249,-0.304231948569431,-1.3738094229528,1.59848746240437,1.32925074168107,-1.56548904089619,27815,3638,6054,4219
"Grant Williams",0.0571007729874736,-0.366812682721172,-0.309711909733698,0.269224668941521,-0.574749651533515,0.232626405221038,-0.355503940309596,19121,467,1288,7789
"Udonis Haslem",-0.124993043728376,-0.186357127822136,-0.311350171550512,-0.054246936225858,-0.0038558890447897,-0.0700895429286566,-0.18381558410537,302,19,11,121
"Marques Bolden",-0.250742369410695,-0.0631360325358989,-0.313878401946594,-0.0442300040277401,-0.0555168866668594,-0.252080518223531,-0.0388541699815437,493,11,36,200
"Nathan Knight",-0.0970573475558319,-0.222315764296515,-0.319373111852347,0.192519175841934,-0.112648709797537,-0.220360543612151,-0.184070406210145,1259,114,43,481
"Jay Scrubb",-0.121148014232144,-0.202200105767286,-0.32334811999943,0,0.00425239783833921,-0.126344435347239,-0.196773473441266,124,0,10,53
"Lindy Waters III",-0.411808968168529,0.0793365399558789,-0.33247242821265,0.159756431947688,0.326378229341218,-0.88890102080564,0.177282140961845,6551,414,639,2222
"Bobby Portis",0.379701128025206,-0.716644619483469,-0.336943491458263,-1.8551197476724,0.255613681910879,2.16571233698634,-0.793533876502931,21099,2820,3733,4017
"Jordan Hall",-0.38450204839878,0.0465148188367217,-0.337987229562058,-0.0994378169443349,-0.174930446582535,-0.163560112529027,0.0656331950142919,340,18,54,99
"Tyler Kolek",-1.16777811762027,0.813630998045731,-0.354147119574535,-1.05920986069564,-1.22937163683355,0.675192678675102,0.883497024532766,1250,65,96,465
"Danny Green",-0.179865521465073,-0.174592760212763,-0.354458281677837,0.149331869616772,-0.170482470286478,-0.16468143445574,-0.188801190098084,646,36,96,192
"R.J. Hampton",-0.10670565281169,-0.248537952788532,-0.355243605600223,-0.0196990182969907,-0.520783101866878,0.283046948156715,-0.268160920172584,3388,189,348,1161
"AJ Griffin",-0.103012194459214,-0.255669343046456,-0.35868153750567,0.00735370593464489,0.0681257249722759,-0.101336610119771,-0.222815200706181,6659,417,663,2254
"Dylan Windler",-0.114179796740415,-0.248859932714629,-0.363039729455045,0.0169949820195942,-0.319580980008079,0.122613845024778,-0.215708914002571,482,19,49,172
"Chance Comanche",-0.0750755016172911,-0.289043520326311,-0.364119021943603,0,-0.0911053256889536,0.0100494511993607,-0.285320428963523,84,0,11,32
"Matt Ryan",-1.29180797827277,0.926508628285202,-0.365299349987567,0.334848058202665,-0.717848259464384,-1.18741968724562,1.01941337107588,3289,210,316,1116
"Jahmi'us Ramsey",-0.55723666459358,0.191716723442651,-0.365519941150928,-0.22028418957555,-0.103470697080503,-0.348481043699441,0.205175644908565,509,30,29,195
"Ochai Agbaji",-0.737149340399346,0.370018769122518,-0.367130571276828,-0.124802688113352,-0.121808910165007,-0.957865269612349,0.271218922346384,19302,805,978,7851
"Jesse Edwards",-0.103359804302337,-0.266612818196357,-0.369972622498694,0,0,-0.108369875048066,-0.270329758781745,20,0,0,10
"Ricky Rubio",-0.915839320114208,0.54124415741121,-0.374595162702998,0.169602419637586,0.152833092181408,-1.26037201756589,0.534641607599634,2286,148,138,862
"Michael Carter-Williams",-0.132220761204452,-0.24866651204775,-0.380887273252203,0.0218429363265781,0.014834824269884,-0.171092844725859,-0.24723046607369,177,6,14,70
"Spencer Dinwiddie",0.65596080631608,-1.0391430632004,-0.383182256884322,-0.378499456887391,-0.29905995856524,1.19358389811964,-1.23276033113602,28733,1524,2911,9904
"Daniss Jenkins",-0.157535204594947,-0.232234789486231,-0.389769994081178,-0.0854315919299754,-0.0590952349828657,-0.0181765455318331,-0.214211810944311,86,11,5,28
"Alex Sarr",-0.492014030393852,0.09852725026807,-0.393486780125782,0.129872122715095,1.04698487384602,-2.3929802694684,0.0720396069222155,7819,877,1088,1943
"Moses Moody",-0.612605055686505,0.218959900434167,-0.393645155252338,0.288123305835232,0.152444049896555,-0.564382160169686,0.187384825739942,15062,908,1039,5588
"Cam Christie",-0.423410407068994,0.0294038549231144,-0.394006552145879,0.0196787744199261,-0.310539048203549,-0.231609293135242,0.0380658917463905,239,20,12,88
"Xavier Sneed",-0.320343551132411,-0.0758572113296278,-0.396200762462038,-0.0472574487810337,0.0403924420346696,-0.330542446423938,-0.0696198257631378,199,11,26,64
"Kobi Simmons",-0.370372291286475,-0.0267541852369388,-0.397126476523414,0.00053488492584304,-0.114858975394554,-0.3389777963174,0.00828690554707874,386,4,57,130
"Xavier Tillman",-1.44994442054777,1.04174093597831,-0.408203484569455,-1.48703263785949,-0.797476449969351,-0.143890091955152,1.08126740396116,9898,351,533,4072
"Quenton Jackson",-0.55928255452121,0.134511135198511,-0.424771419322699,0.173963414924698,-0.144830301291438,-0.452539124545143,0.219800422880336,2261,159,128,841
"Adem Bona",-0.471582369406391,0.0409385493788848,-0.430643820027506,0.46425596239147,0.205192435057705,-1.11842007820476,0.122658437961152,3707,153,180,1514
"Jonathan Kuminga",-1.06820462349908,0.632287987739218,-0.43591663575986,-1.51155265718902,0.0806536939229046,-0.716744590188958,0.61991414008316,18786,2173,3258,3952
"Jaxson Hayes",-1.3006375948009,0.862993830385789,-0.43764376441511,-0.644384337299036,-0.19868180006889,-1.10214809632173,0.95989537208423,10782,215,571,4628
"Vince Williams Jr.",-0.0907651543347808,-0.349805692919013,-0.440570847253794,1.5994603491775,-0.422963176158368,-0.911725790776645,-0.400746464713859,8429,388,599,3235
"Ryan Arcidiacono",-1.35344894907325,0.910201266134935,-0.443247682938314,-0.123434537387649,-0.528474003840073,-0.879131821504244,0.927648883448411,922,33,69,365
"Jabari Walker",-0.375305454264088,-0.0696151946433149,-0.444920648907403,0.216442760164075,0.551005383354931,-1.30210773770588,-0.0527629510461396,12653,329,935,5051
"Keyontae Johnson",-0.3657626385221,-0.0866902723507138,-0.452452910872813,-0.0130272211099153,-0.060724236402239,-0.33037607110379,-0.0711636219663696,268,5,20,109
"Jermaine Samuels Jr.",-0.149905303035607,-0.306077235960973,-0.45598253899658,-0.126246749358757,-0.00769842613329177,-0.0143962986811099,-0.261233284934191,262,5,4,122
"Nerlens Noel",-0.692029974442314,0.234712078177925,-0.457317896264389,0,-0.105173816290196,-0.629477692238457,0.236808977505098,837,0,19,399
"Kenneth Lofton Jr.",-0.361103874415332,-0.098066675420597,-0.459170549835929,-0.480200089228238,0.569714435858113,-0.511723215666068,0.0441329367934286,1555,235,112,430
"Blake Wesley",-0.905241906953868,0.445662507464391,-0.459579399489476,-0.592286465972588,-1.59587593287246,0.122083628917734,0.532919751021967,9383,320,804,3565
"Jamaree Bouyea",-0.319573126370552,-0.144839986306994,-0.464413112677546,-0.0945420986515709,-0.644792712878348,0.269314694498587,-0.108222025259508,915,56,98,307
"Saben Lee",-1.19741275094516,0.729415977982993,-0.467996772962162,-0.331059925061139,-0.34625634421854,-0.742816074413737,0.788334351057501,2325,113,242,809
"Rob Dillingham",-0.0150335966956962,-0.45395748489204,-0.468991081587737,0.153627145741233,0.176292564869851,-0.348359622571208,-0.456924072798422,2139,252,343,476
"Ronald Holland II",-0.0596743834410933,-0.412892965177563,-0.472567348618657,0.162362444929155,-1.00813950011518,0.576371288522694,-0.266431942478813,5277,125,881,1627
"Pat Spencer",-0.740232630590477,0.263998627773365,-0.476234002817112,-0.300440907068174,0.0234654383367516,-0.592475559426594,0.28597900836074,1143,171,74,324
"Nate Williams",0.21548827212439,-0.695191694831474,-0.479703422707084,-0.325151297336003,0.0565717962777727,0.35629209551726,-0.680478475109829,1756,79,108,695
"Serge Ibaka",-0.556812104311145,0.0722098453071777,-0.484602259003967,-0.0702720246079533,-0.0129251127581262,-0.536082919870061,0.0743717954920567,752,38,53,279
"Jaime Jaquez Jr.",-0.0184990470751307,-0.468696562819795,-0.487195609894925,-0.382886477331245,-0.465285124348878,0.295182507698339,-0.52237314101918,14151,981,1078,5038
"Miles Norris",-0.51053026182368,0.0221149845410984,-0.488415277282582,0,-0.283685508844561,-0.242268528574017,0.0305009505212045,125,0,21,43
"Colin Castleton",-1.09634933485077,0.606993974214825,-0.489355360635949,-0.124741499823113,-0.301275878907573,-1.06714790487068,0.747518086264945,2037,62,140,816
"Zavier Simpson",-0.710678932610762,0.216613956346036,-0.494064976264726,-0.265184272712541,-0.665182174555996,0.0993818057607209,0.239087771642392,670,43,85,212
"Nikola Jović",-0.691268625080344,0.194835934369906,-0.496432690710438,-0.242960735509115,-0.220603313146022,-0.56058914760231,0.194463107269649,4705,322,160,1864
"Leonard Miller",-0.852310395893023,0.352916290416391,-0.499394105476632,0.0150125939713127,-0.422359896010677,-0.531964888256657,0.411119669336945,358,16,40,121
"Taze Moore",-0.256211332232577,-0.245792187942007,-0.502003520174584,-0.14566775159734,-0.0525011333308596,-0.0956472458709928,-0.242858272791973,179,15,27,48
"Josh Green",0.087316498638969,-0.605854150895093,-0.518537652256124,-0.396668354783815,-0.940424409339725,0.547941014196314,-0.71098276469113,20387,503,1246,8428
"Ben Sheppard",-0.311644703908481,-0.212103587105941,-0.523748291014422,-0.141514993223356,0.103182789033413,0.202948763811523,-0.22939908928236,8627,109,329,3885
"Pete Nance",-0.498527035016723,-0.0354777116601597,-0.534004746676883,-0.129170264489457,-0.0831871361064612,-0.40266203361816,-0.0218887602706142,649,32,29,267
"Onuralp Bitim",-0.380950708300131,-0.156640874135507,-0.537591582435638,-0.349794467255097,-0.221965379065817,0.0601969872192018,-0.175327202297313,1079,78,48,413
"Javonte Green",-0.0844707270016242,-0.457588306503332,-0.542059033504956,0.384036277518918,-1.55823882246906,0.552154826313463,-0.563485840286894,8196,253,417,3429
"Terrence Ross",0.341612305282404,-0.884767085018383,-0.543154779735979,-0.0470466271071508,0.0264301249594025,0.355814706615921,-0.948920470952961,5510,278,359,2110
"Davis Bertans",-0.145493125939643,-0.399369108885805,-0.544862234825449,0.121250861477499,0.394574833963963,-0.587367833832476,-0.363936097151574,4740,125,525,1726
"Collin Gillespie",0.472577692387349,-1.01989257285908,-0.547314880471734,0.0345074741274738,-0.477977332308942,0.918194018906973,-0.975138058059542,2787,113,287,993
"Xavier Moon",-1.07671162377954,0.528393352754707,-0.548318271024831,-0.182044361443487,-0.331839670834289,-0.699171629964347,0.581489269817572,580,45,93,149
"Tim Hardaway Jr.",1.20724419893345,-1.75591636089068,-0.548672161957224,-0.0505022663477677,1.37421612276453,0.997366506009253,-1.84899320837309,26565,1133,3141,9043
"Braxton Key",-0.60835382691324,0.0565020942088258,-0.551851732704414,-0.0801483044630066,-0.0779350633976831,-0.526197856322242,0.109921792972903,344,9,36,124
"Kyle Anderson",-2.09332829817688,1.53858836678307,-0.55473993139381,-0.271567015302936,-0.459557808581502,-2.05842862550458,1.65889416604986,19589,306,925,8572
"Scotty Pippen Jr.",-1.57322132144876,1.01221378492734,-0.561007536521424,-1.79603689218075,-1.82149625806168,0.816550438163466,1.08308421404469,9561,690,1319,2776
"Dario Saric",0.542423449985686,-1.10862062557066,-0.566197175584978,-0.22207072317347,-0.532357910143326,1.20294646799921,-1.0800285323586,7879,490,659,2792
"Jaylon Tyson",-1.07452307245297,0.50618016649178,-0.568342905961186,-1.06872793606543,-0.483675027522851,0.223963108657868,0.654929437692352,1877,117,144,678
"RJ Barrett",0.481847463052058,-1.0503332813475,-0.568485818295444,-1.47552537185085,1.58543539107158,1.34551043018012,-1.204013504603,25794,5082,3664,4128
"Kennedy Chandler",-0.424620977747774,-0.144227755664833,-0.568848733412607,0.0791633612608273,-0.268858796271763,-0.325810563807045,-0.0710452391154448,1178,62,111,417
"Enrique Freeman",-0.455013948438127,-0.125733378127419,-0.580747326565546,-0.0992024683611579,-0.167754828569981,-0.32465304247534,-0.0496792570055087,786,26,12,356
"Lindell Wigginton",-0.293552655368817,-0.289383074726919,-0.582935730095735,-0.385463231484648,-0.0127381456755315,0.0481846356942189,-0.281573848926451,399,100,17,83
"Buddy Hield",0.259689060389566,-0.844022089693434,-0.584333029303868,-0.417452213337554,0.140014365275264,0.682086447507751,-0.853637772039742,27128,2844,4419,6274
"Markelle Fultz",-0.382608306790522,-0.204708863145167,-0.587317169935689,-1.34359030262955,-0.357047265963585,0.676809662530452,-0.13656664544791,11874,1026,1686,3222
"Orlando Robinson",-0.994206420671927,0.404594258761038,-0.589612161910889,-0.909675425313169,-1.43292809547272,0.499028561480531,0.57443358312713,6094,169,478,2402
"Juan Toscano-Anderson",-1.08869629228572,0.49881540150627,-0.589880890779447,-0.128497867498872,-0.494185746948902,-0.639417384999594,0.478106961334775,3193,92,186,1323
"Wesley Matthews",-0.705509071722071,0.103226958151026,-0.602282113571046,-0.0502166416992918,0.0593563861125186,-0.677087086594981,0.0908854929807925,5181,32,170,2391
"Eric Gordon",-0.0496153016537825,-0.556582231589564,-0.606197533243347,-0.220116344774994,-0.24407846471234,0.205621568661939,-0.51920776890665,19256,1034,1295,7328
"Theo Pinson",-0.162761955444217,-0.462934503673784,-0.625696459118,-0.114239581004305,-0.156251649420827,-0.0189817384363654,-0.409285360305647,1366,73,158,459
"Trey Murphy III",-0.731063500197729,0.0963467122925536,-0.634716787905175,-1.3325959563596,0.064153336585864,-0.324239059758238,-0.0337272412757309,24934,1461,2265,8734
"A.J. Lawson",-0.159026109453985,-0.479527606526868,-0.638553715980853,-0.044972830009818,-0.50195812747374,-0.204240306415796,-0.261132290878287,3876,315,522,1110
"TyTy Washington Jr.",-1.42800748751795,0.78472857832501,-0.643278909192943,-0.318993462416221,-0.924535997723179,-0.580697285398779,0.86297521499525,2516,149,233,880
"Jack White",-0.727604421771427,0.0790766699320106,-0.648527751839416,-0.0285005847991193,0.085931711281122,-0.910655549205059,0.109694954660959,521,20,36,208
"Patty Mills",-1.0773513237526,0.423543671385368,-0.653807652367237,-0.566517726769329,0.59762324425227,-1.15736334995219,0.482869394286349,5470,296,521,1917
"Jontay Porter",-0.479934033238232,-0.182221298723193,-0.662155331961425,-0.222961056150443,-0.147738858195723,-0.380646196933128,-0.210966473080221,1529,112,168,486
"Tre Mann",-0.719585262937764,0.0530334286528907,-0.666551834284874,0.484830482631101,-0.850886586962408,-0.690923473356574,0.127987190233204,10255,923,1124,3079
"Trendon Watford",-0.431954567220414,-0.234928833752725,-0.666883400973139,-0.651306512565484,-0.690592037922109,-0.0133992880727221,-0.105733963681508,11974,877,1377,3719
"Kyle Lowry",-1.34494437842958,0.672163920903159,-0.672780457526426,-0.240771460083059,0.695234051554008,-1.71254545181186,0.585997457644056,16388,210,741,7242
"Trey Jemison",-0.228792351727095,-0.455390901406474,-0.684183253133569,0.059566509104499,0.200709373915161,-0.773788644298262,-0.477286358519862,2318,23,97,1038
"Justin Champagnie",0.630237109254742,-1.31980643606661,-0.689569326811865,-0.442656445134826,-0.422947139809877,0.526618747291153,-1.29719889876596,6830,222,514,2675
"Bryn Forbes",-0.219133565648209,-0.473190363922953,-0.692323929571162,-0.149953747751593,0.0572674790267832,-0.127556089244537,-0.47383478744076,1134,98,146,323
"John Butler Jr.",-0.332132833724157,-0.369065905182753,-0.70119873890691,-0.0221535081865703,-0.108117957741745,-0.229221862977265,-0.340550384393352,935,4,48,416
"Bennedict Mathurin",-0.136646413489103,-0.567196670787734,-0.703843084276836,-0.544783703690321,0.664681038112772,0.272540481903052,-0.586474563002795,25010,3260,1954,7306
"Harry Giles III",-0.0724275556293716,-0.634677794076268,-0.707105349705639,0.203181461109248,0.0774579290677416,-0.357085627686529,-0.632405986547309,412,56,62,83
"Quincy Olivari",-0.378611422947036,-0.337066250073315,-0.715677673020351,0,-0.207572137883194,-0.189731494245787,-0.343706405184018,43,0,11,10
"Bol Bol",-0.616813871778238,-0.10521957563778,-0.722033447416018,-1.28203720418755,0.603879779170475,-0.189224326177663,-0.120701679382714,10092,642,1145,3260
"Matthew Dellavedova",-0.797731292143558,0.0687170462120687,-0.72901424593149,-0.0153620304029033,-0.0325230875189475,-0.745716166356144,0.10513179386019,913,15,15,430
"Danilo Gallinari",0.187161802954866,-0.923061255106889,-0.735899452152023,0.179174228459534,-0.20670368522307,0.270613570815291,-1.00243590813851,2622,84,149,1088
"Caleb Martin",-1.40583364801806,0.663613220596801,-0.742220427421254,-0.664803884976799,-1.12752302986694,-0.761524141509186,0.592371152760133,20296,1031,1578,7540
"Simone Fontecchio",-0.705731650162486,-0.0369336087001897,-0.742665258862676,-0.501161176501597,-0.431230309202474,-0.288824539276439,-0.000866224537409665,15487,522,796,6429
"Malik Williams",-0.570065136431778,-0.173724080869046,-0.743789217300824,-0.038034408435793,-0.215941128142173,-0.413567734370768,-0.178613146541318,436,9,21,189
"Dominick Barlow",0.133691907301523,-0.898272026262104,-0.764580118960581,-0.0969650288427838,0.284792847960349,-0.163308331446369,-0.715462979520421,5082,130,126,2294
"PJ Dozier",-0.70975597636371,-0.0576203008222534,-0.767376277185963,-0.205467915733492,-0.116235146774425,-0.431408364510497,0.0167520347965641,471,35,56,145
"Jaden Springer",-0.816973974813007,0.046922095797064,-0.770051879015943,0.182633243461003,-0.138204591340928,-0.874012468107559,0.169134197838151,3965,216,225,1543
"Anthony Black",-2.54129682690459,1.75703676203643,-0.784260064868158,0.878968481612716,-0.921967490938701,-3.22129761565481,1.77954341925128,12336,473,1211,4492
"Stanley Umude",-1.38185539171974,0.59536041999532,-0.786494971724416,-0.11016895239549,-0.549487187782946,-1.03898126769463,0.699827974733003,1677,64,121,654
"Alex Fudge",-0.463774117647831,-0.325198842210096,-0.788972959857927,-0.216807739181215,0.0492462393716519,-0.343631353156904,-0.320506580629463,166,15,17,50
"Mo Bamba",-0.876165480553341,0.0751379473651874,-0.801027533188154,0.340274816674461,-0.948650896372443,-0.611018182987998,0.0424561767973414,7779,355,705,2821
"Jalen Williams",-1.52056730939622,0.719307518310544,-0.80125979108568,-0.9051939010214,-0.687492796857343,-0.945766373240065,0.69622042729857,28846,2900,4227,7310
"Devonte' Graham",-0.938615136535698,0.131319498539785,-0.807295637995913,-0.788035363810053,-0.313485391802341,-0.418138188539154,0.199753904416606,6917,516,874,2069
"Ryan Dunn",-0.912146961244936,0.0853100343862402,-0.826836926858695,-0.879599420634197,-0.437273257999592,0.0259991180593188,0.0460348723047695,5720,101,424,2340
"Josh Minott",-1.07049440327819,0.241337043137559,-0.82915736014063,-0.185604200076696,-0.0826700665092976,-0.856180834256316,0.415334352430262,1994,65,132,801
"D'Moi Hodge",-0.446753830202097,-0.382456653960087,-0.829210484162184,0,-0.0611361207279497,-0.432233856153704,-0.368570316456851,164,0,26,55
"Romeo Langford",-0.314415563873243,-0.523214325266148,-0.83762988913939,0.0659325473577175,-0.102181104548803,-0.48650846850778,-0.529635653279297,3597,183,250,1363
"DeAndre Jordan",-0.689554397924705,-0.148194859349,-0.837749257273705,0.589988655809574,-0.62876700824262,-1.00519299316111,-0.181864244488704,6898,103,154,3191
"Malevy Leons",-0.733186958129507,-0.110011944822702,-0.843198902952209,0,0,-0.76098638303822,-0.099514861649419,82,0,0,43
"Theo Maledon",-0.239517779796229,-0.605133550848362,-0.84465133064459,-0.556306106545756,-0.820808704730103,0.821706456587461,-0.594656616780509,4473,252,398,1591
"Daishen Nix",-0.752880578768277,-0.096182025442444,-0.849062604210721,-0.11656077076632,-0.297878563136267,-0.530823199275049,-0.0513661363421157,4080,182,350,1509
"Trey Alexander",-1.14350436286841,0.294063511221002,-0.849440851647405,-0.204175791633033,-0.794017472385955,-0.422292782044546,0.360582419996775,495,27,70,150
"Justin Holiday",-1.05319110551565,0.201608176991124,-0.851582928524528,-0.0788221262033358,-0.248413529991064,-0.833728223123598,0.247457400610559,6519,87,274,2901
"Yuta Watanabe",-0.173071919486475,-0.703155678484239,-0.876227597970713,-0.470672907459707,0.0859070133529928,0.058866436162617,-0.654894503639991,5756,233,613,2026
"Vlatko Cancar",-0.770067663079152,-0.110415455243034,-0.880483118322186,-0.111686757385238,-0.835744075858183,0.0781380429468657,-0.0512095750983299,3629,148,316,1352
"JT Thor",-1.798223828425,0.901432837758022,-0.89679099066698,-0.336901851697885,-0.66155768292407,-1.80496338272144,0.944413841098359,8220,216,571,3336
"Quinten Post",-0.683380938769267,-0.214382574081521,-0.897763512850789,-0.150858195250422,0.230995353833618,-0.564957802171129,-0.165049994472557,2833,285,313,818
"Troy Brown Jr.",-0.504788865501396,-0.397754023826714,-0.90254288932811,-0.07090684510364,-0.545563702045876,-0.181893484373888,-0.37558581879662,11188,346,556,4693
"Ulrich Chomche",-0.239588662603274,-0.666637313017545,-0.906225975620819,0,-0.0686491302474798,-0.188687555972939,-0.695534185913208,123,0,13,49
"Jacob Toppin",-1.1174497185237,0.19905404109812,-0.918395677425583,-0.124853455012122,0.0612801809090928,-1.18728530341688,0.303320164977412,455,26,12,189
"Marcus Garrett",-0.790902672743411,-0.132914957324579,-0.923817630067991,0.0360099197384945,-0.54858662620148,-0.373169735587613,-0.103326391594754,316,14,61,83
"Jordan Clarkson",0.31629655686774,-1.24011565990691,-0.923819103039166,0.762604685542287,0.444354657022836,-0.171660715074346,-1.31758498640904,19337,4161,2785,2747
"Davon Reed",-1.04975620018336,0.123324570271877,-0.926431629911484,-0.30459799586639,-0.341388635618468,-0.528028376245706,0.165551517794871,1421,70,138,500
"Vít Krejčí",-1.48839616416626,0.555428174737946,-0.932967989428311,0.108564436322949,-0.651694521864326,-1.34102823845726,0.633175475886376,4871,100,314,2014
"Isaiah Roby",-1.01119039369654,0.0762606581543941,-0.934929735542147,-0.46703848492667,-0.392351066970563,-0.411233971390869,0.104881816025775,1999,129,240,637
"Jaylen Sims",-0.366382746012753,-0.57319396729246,-0.939576713305212,-0.0299320052771107,-0.119583663186391,-0.378045801525375,-0.554612622125992,459,13,62,155
"Dillon Jones",-1.68838690182727,0.746379429878093,-0.942007471949173,0.0263963796264067,-0.344463106217045,-1.37672801390077,0.816539758230417,2258,40,80,1010
"Patrick Williams",-1.14236372035936,0.199176852298862,-0.943186868060494,-0.258749075035151,-2.52497069057211,0.247103177451937,0.137068894234903,21202,530,1321,8763
"Jalen McDaniels",-0.977830535726811,0.0336168397106115,-0.944213696016199,-1.09444391158891,-0.350929091047506,-0.395351468931235,0.0539983683067598,10309,421,945,3784
"Timmy Allen",-0.834656253565726,-0.114682752139861,-0.949339005705587,-0.00143341293935862,-0.106851137784361,-0.832083028184645,-0.118874523457008,517,2,11,249
"Ousmane Dieng",-2.36257025938376,1.40771771046959,-0.954852548914173,-0.234562031989278,-0.915697452326333,-1.68639728109378,1.58222795362126,5612,218,565,2026
"Jordan Goodwin",-1.3750936691721,0.418384020268769,-0.956709648903328,-1.62292614013346,-0.404243270547663,-0.459038834054979,0.4549089143857,11035,741,923,3861
"JaVale McGee",-1.09263124572397,0.131719471916963,-0.960911773807002,0.0435616715106223,-0.367022872340012,-0.982255830411861,0.170548353692763,2946,233,302,955
"Justin Minaya",-1.62551899235478,0.649410307380933,-0.976108684973844,-0.161039457796231,-0.0151483274644098,-1.73976760633412,0.703525128876287,2311,37,77,1034
"Duop Reath",0.459114648070734,-1.44157241928598,-0.982457771215245,0.770077665939,-0.14588475306292,-0.136606506591524,-1.48854256361364,6872,389,602,2430
"Reed Sheppard",-0.812268099156275,-0.174229110629853,-0.986497209786128,-0.521552989294249,-0.768038032315641,0.147750671191999,-0.129841104939662,2820,184,177,1046
"Stephon Castle",0.607242172206534,-1.60937544541571,-1.00213327320917,0.252463411683834,1.68098012711651,-0.809544979655153,-1.64647333417029,9091,1805,1518,1232
"Jordan Miller",-1.39164947980369,0.380276975361769,-1.01137250444192,-0.589944171583261,-0.387331958828299,-1.02085561804006,0.472490536764905,1848,83,181,657
"Thaddeus Young",0.0238335146009244,-1.03563948393948,-1.01180596933856,0.00723572451185448,0.0291393856987097,0.0445558152092336,-1.0657786343366,4999,106,160,2234
"Dario Šarić",-1.68999900662012,0.674969729856172,-1.01502927676395,0.0339480651375064,-0.525815715728558,-1.34296437971603,0.643502137260092,869,49,45,341
"JD Davison",-1.31700209801882,0.296097704914874,-1.02090439310394,-0.566430374317393,-0.115595685715831,-0.722865797174823,0.382339798625182,790,72,82,241
"Seth Curry",-1.10078849288591,0.0727578778422231,-1.02803061504369,0.545920817032751,0.792342728302056,-2.42065930003338,0.108048120329641,11880,586,1329,4027
"Pacôme Dadiet",-0.392941182752511,-0.640188200259473,-1.03312938301198,0.0947984254698264,0,-0.520996084762146,-0.599584578552247,453,27,0,201
"Jericho Sims",-1.44514832938373,0.393105951824393,-1.05204237755934,0.0845295101610843,-0.147531672164714,-1.41407087999318,0.416529409492727,8028,35,66,3929
"Jaylen Nowell",-0.77149031443608,-0.280572373157843,-1.05206268759392,-1.45984493594172,0.614059610699981,-0.374611013582583,-0.176459901527511,6918,1127,1093,1243
"Elfrid Payton",-1.76704234053009,0.703462358933355,-1.06357998159674,-0.260676425415226,-0.428857660310173,-1.61388491101672,0.743062616221218,2138,43,105,918
"Chris Duarte",-0.934082017654338,-0.13919237364678,-1.07327439130112,-0.559669232205561,-0.483602019134834,-0.420334517811997,-0.0748076579624441,7067,228,657,2650
"Shake Milton",-1.36301644288493,0.285623450457191,-1.07739299242774,-1.36899967667779,-1.1049959794081,-0.195331305103205,0.281516995240198,12360,845,1534,3799
"Adam Flagler",-1.96571785879791,0.876129110028916,-1.08958874876899,-0.951567596882055,-0.854682966071853,-0.447573149242518,0.974708866393243,884,112,75,257
"Taylor Hendricks",-0.874549423127761,-0.220681415692262,-1.09523083882002,0.00961340040185715,-0.541061537407013,-0.414042864096461,-0.293882499805635,3900,62,242,1648
"Cam Thomas",1.2302605325737,-2.32931542783594,-1.09905489526224,1.67929606607163,0.5616522803302,-0.869865834201088,-2.50931909939533,15546,3942,2147,1666
"Dewayne Dedmon",-1.20912166532163,0.109627155761311,-1.09949450956032,-0.10503605204436,-0.0452108448177188,-1.13545732537246,0.157065642293287,1762,95,210,581
"Drew Timme",-0.303372463502385,-0.806629607371076,-1.11000207087346,-0.634408882500804,-0.228181219442814,0.165868267934308,-0.718227916770826,1045,88,158,280
"Admiral Schofield",-1.12587960167737,0.0101942678697076,-1.11568533380766,-0.21930668756941,-0.0624573782111088,-0.93887584566256,0.0597074755347646,2175,132,163,790
"Baylor Scheierman",-1.41313731879866,0.296683141044158,-1.1164541777545,-0.344942625771409,-0.651854165444174,-0.608739179237227,0.39064532870242,1496,39,162,552
"Chris Livingston",-1.52075797454649,0.402510462490145,-1.11824751205635,-0.546403220830136,0.305279183145238,-1.51550047245813,0.504885270448938,827,29,77,310
"Jerami Grant",-0.761463303339386,-0.358743389437819,-1.1202066927772,1.18145770748177,1.06141608111998,-2.64080587070571,-0.344599680404471,23024,1859,2252,7414
"Antonio Reeves",-0.285360285839107,-0.837041096204283,-1.12240138204339,0.0425910837589424,0.992889310219686,-1.4577274754969,-0.660173062912042,2739,248,176,941
"Keita Bates-Diop",-0.671175492513144,-0.462912564446113,-1.13408805695926,0.0293629724649048,-0.679861005162177,-0.635099656908287,-0.449644381971865,8857,571,798,3087
"Darius Bazley",-0.664840449730337,-0.496030746639423,-1.16087119636976,-0.403814846242142,-0.298484132648027,-0.132310885212587,-0.423532409042353,3214,206,347,1055
"Trayce Jackson-Davis",-0.750694506090828,-0.412126696800062,-1.16282120289089,0.542329258466872,-0.835772582373377,-0.35426714631417,-0.419164724489071,8751,310,708,3361
"Trevelin Queen",-1.08395655968104,-0.0861323148724342,-1.17008887455347,-1.64503810074249,0.507787583270072,-0.445582665364929,-0.0588668437922679,2678,225,297,816
"Klay Thompson",0.893050519075625,-2.07225952050004,-1.17920900142442,1.82082892599884,0.948483100809176,-1.14197867052665,-2.15519121537674,27625,4912,3881,4991
"Kristaps Porziņģis",-0.77525078555137,-0.405659018319316,-1.18090980387069,-0.514416913818092,-0.511884076038741,0.777287953053908,-0.472463764542518,5020,528,1481,504
"Danté Exum",-0.605793150639435,-0.605433926573524,-1.21122707721296,0.0430325706085698,-0.510991400256972,-0.423243164048312,-0.724253614495765,1564,93,92,602
"Tristan Vukcevic",-1.03777494263978,-0.174486222119541,-1.21226116475932,-1.2063801293464,-0.144715175131445,-0.272302448292928,-0.0814316495476085,2812,527,188,691
"Zach Collins",-1.40163915070738,0.182859014523974,-1.21878013618341,-2.00536727386896,-0.199801335412732,-0.581959700192731,0.151732470540556,16690,1834,2378,4135
"Anfernee Simons",0.145502092037686,-1.37959835755645,-1.23409626551877,0.251131806095364,-0.697903808782594,0.685917505655131,-1.56091354830497,24740,6666,2860,2844
"Justin Jackson",-1.10031197018968,-0.135618468245091,-1.23593043843477,-0.175577179323794,-0.164173821893783,-0.750087691731578,-0.115310944781442,439,16,22,182
"Jusuf Nurkić",-1.5756165890476,0.326890030191334,-1.24872655885627,-0.697828897140944,-0.125278350698364,-1.21197389819861,0.230872395782602,4393,335,166,1704
"Joe Harris",0.103201724548471,-1.35208432614814,-1.24888260159967,0.0313070104839913,0.204997620735181,-0.164230505323418,-1.34783284141473,7021,173,384,2957
"Spencer Jones",-1.3083989913885,0.054917801526543,-1.25348118986195,-0.0541135090386561,-0.0119576166574192,-1.5081548021133,0.112826557306501,519,3,38,216
"McKinley Wright IV",-0.713504831945263,-0.544473910198473,-1.25797874214374,-0.160231649699517,-0.104492204150556,-0.579155698757515,-0.50461048002102,1370,84,141,470
"JaMychal Green",-0.723396768605708,-0.536629651370384,-1.26002641997609,0.30476651571749,0.120606093568221,-1.13875275480226,-0.503772682026799,3411,164,323,1216
"Drew Eubanks",-0.73164207494143,-0.532347568750445,-1.26398964369187,0.597537620753771,0.850799323935775,-1.8374789429216,-0.477394112626268,14388,374,841,5971
"Moses Brown",-1.09026684704324,-0.181179069776811,-1.27144591682005,-0.193436604408538,-0.231587329419263,-0.98524052361625,-0.0685984509612204,2569,221,301,760
"P.J. Tucker",0.271944378421834,-1.54584580064706,-1.27390142222523,-0.0564681825557879,0.240918130573605,0.473869472908078,-1.52282518642036,9855,10,63,4873
"Bismack Biyombo",-0.636092656309925,-0.638055109869959,-1.27414776617988,0.36338429028742,-0.261831052340009,-0.62657147267082,-0.588372869284672,9023,77,253,4175
"Reggie Jackson",-1.40281774295094,0.118218051809958,-1.28459969114099,-1.99298209629582,-0.108458029930904,-0.461783112816206,0.148346775622246,15705,1732,1592,4527
"Jeff Dowtin Jr.",-0.738293424619649,-0.575135096939079,-1.31342852155873,0.680395457643005,-0.736275110241855,-0.777648151376455,-0.601742004938503,4113,220,293,1542
"Mouhamadou Gueye",-1.32301264865878,0.00586755028602552,-1.31714509837276,0.0764883601082253,-0.523491600634156,-1.06015141129463,0.0239752582154171,493,27,46,174
"Brandon Miller",-0.651232520622061,-0.6813237972234,-1.33255631784546,-1.04495579336062,-0.248851961921875,-0.480294735629267,-0.844440971964412,13542,2033,1884,2853
"Scoot Henderson",0.906006400841899,-2.25717995268891,-1.35117355184701,0.620500715994792,-0.646979347103545,1.26413484102585,-2.30162772521344,14509,2081,2398,2758
"Gorgui Dieng",-0.909477661789114,-0.461001919241001,-1.37047958103012,-0.531819084570684,-0.207012887392518,-0.331910591980747,-0.44762512306055,1506,166,82,506
"Kobe Bufkin",-2.44542312110429,1.0673679414558,-1.37805517964849,-1.01523288569417,-0.191701069987167,-1.35987009693564,1.16753543155448,1356,158,128,391
"Gary Trent Jr.",1.44365964794098,-2.84271290705973,-1.39905325911874,0.194609748026249,-0.657569793670221,2.1325363304631,-2.93468482262715,24808,1988,2229,8200
"Caleb Houstan",-1.38510723493705,-0.0199324673044622,-1.40503970224151,0.580497703756901,-0.436649912451425,-1.9407203417177,0.0948077256379549,9684,179,316,4341
"Dalen Terry",-2.44766474237028,1.02746248515318,-1.42020225721711,-0.335247688961492,-0.017567372397694,-2.4332153512897,1.1173842236237,7941,159,493,3322
"Javon Freeman-Liberty",-0.860945659054148,-0.560028214834898,-1.42097387388905,-0.832190937516599,-0.0990284216196229,-0.172366874999254,-0.513242927840315,1685,99,93,649
"Reece Beekman",-2.13862473965351,0.717052231669371,-1.42157250798414,0.0110573460618,-0.524578121889933,-2.3409059700318,0.734097198982517,1897,33,44,875
"Omer Yurtseven",-0.963590085562616,-0.472933259455757,-1.43652334501837,-0.212687478359906,0.388845795478508,-1.26966369057692,-0.456887980476981,2594,120,228,956
"Ibou Badji",-1.14461769517474,-0.297506943780372,-1.44212463895511,0.0259011369737039,-0.079915263195556,-1.21985072416953,-0.259921364203898,922,9,22,428
"KJ Martin",0.242845532108979,-1.69334854532296,-1.45050301321398,0.349165800440216,-0.675812636348489,0.0647746925338991,-1.6658985893452,16428,414,873,6921
"Kevin Knox II",-0.634058873079328,-0.825075647288783,-1.45913452036811,-0.587808419829083,0.146812772661152,-0.49799182224566,-0.787666339557247,6751,592,746,2056
"Andrew Wiggins",-0.996733371029076,-0.474185962993011,-1.47091933402209,-0.218168015913244,-0.988019491776077,-0.460715363747054,-0.596196813090284,20762,1764,2736,5874
"Jonas Valančiūnas",0.169463402428952,-1.64161762186778,-1.47215421943882,-0.887409507224639,2.06370551880988,-1.12858766601936,-1.67635691955555,6365,553,1072,1562
"Tyus Jones",0.566714081247076,-2.06350533575249,-1.49679125450541,0.521369102686915,0.102072550945408,0.716230079254577,-2.16303332922646,25477,1203,2111,9420
"Deandre Ayton",-0.92964256228668,-0.57124161272316,-1.50088417500984,-1.2072238882207,-1.31540907535681,0.310626464421484,-0.77692348989081,20479,1866,3551,4823
"Max Christie",-0.95676902734841,-0.548873622394975,-1.50564264974339,-1.01203711783037,0.019885684522036,-0.732953988289612,-0.572574986820546,14947,468,860,6156
"Tosan Evbuomwan",-1.75915689284548,0.240669893573469,-1.51848699927201,-1.38648483311331,-0.952035443368946,-0.675290654557045,0.319273879180906,4153,149,246,1693
"Alex Ducas",-1.13886922407548,-0.380625537033813,-1.51949476110929,-0.159866478277296,0,-1.13174990081868,-0.258248322570918,515,14,0,246
"Dariq Whitehead",-1.08763148506261,-0.434747946543645,-1.52237943160625,-0.528651314947967,0.0594647693174944,-1.03325786448287,-0.356225269862037,1135,59,98,413
"Garrison Mathews",-1.41723473382001,-0.105443494070359,-1.52267822789037,-0.777338036201322,-0.408319509421033,-0.92731470696733,-0.0634195731087272,10570,431,750,4105
"Skylar Mays",-0.366239420884269,-1.18070088819469,-1.54694030907896,-0.0623444579978882,-0.62461748318754,0.0720506570419285,-1.17841851258776,2583,195,253,838
"Markieff Morris",-1.15422585022971,-0.395757780760984,-1.54998363099069,-0.0183713822956554,-1.28773510685106,-0.328443473596862,-0.351486648754084,3140,168,343,1061
"MarJon Beauchamp",-1.84655903926993,0.275663957551568,-1.57089508171836,-1.04314367448849,-0.72984329928664,-0.841861358068444,0.277764568542093,6187,400,616,2078
"Corey Kispert",1.15946232977237,-2.7703801177464,-1.61091778797403,0.203980876646082,0.249986860780353,0.76920694820002,-2.81045133717622,24225,1080,2005,9021
"Austin Rivers",-0.294840919344733,-1.32391602708465,-1.61875694642938,-0.0449011334338456,-0.135864725868834,-0.135808919011869,-1.32932532484568,4290,11,137,1989
"Quentin Grimes",-0.208933149907793,-1.41101628643529,-1.61994943634308,-0.576398623355085,-0.0928845356684171,0.411909613879377,-1.41738752995168,21033,1592,1511,7415
"John Wall",-1.552552731059,-0.070069099882404,-1.62262183094141,-0.40109996950181,-0.314998174481986,-1.04731965812382,-0.066833265394277,3174,644,403,543
"Eugene Omoruyi",-1.35774337449954,-0.271924815055366,-1.62966818955491,0.476819573251261,-0.319516836797557,-1.67730604455804,-0.272063415181338,4349,418,339,1409
"Bruno Fernando",-1.41316878778359,-0.219435739204977,-1.63260452698857,-0.281808760580036,-0.5480172536782,-1.04784887073123,-0.289133781708357,5055,406,425,1696
"Josh Richardson",-1.00612771106001,-0.664788470609317,-1.67091618166932,-0.394431046776612,-0.518371217066683,-0.83667629421224,-0.704222936890631,11499,1014,1273,3479
"Kyle Filipowski",-0.654896522060931,-1.03160399940265,-1.68650052146358,0.860909259359523,-2.48673392399528,0.165754382151535,-1.06165352565553,6419,517,472,2216
"Evan Fournier",-2.35446460608288,0.642282592753042,-1.71218201332984,-0.203962298385649,-0.931081438783079,-1.76302827444717,0.641887235828692,4304,316,327,1507
"Will Barton",-1.35740510568487,-0.362263838507472,-1.71966894419235,-0.206216411461206,-0.743086412925717,-0.606287333070065,-0.336855197278299,4077,181,560,1296
"Tyson Etienne",-0.519974284824988,-1.21152740678132,-1.73150169160631,-0.376198131265398,-0.149995841199576,-0.378122515768426,-1.16626421116205,647,35,91,198
"Robin Lopez",-1.30804981914726,-0.428768843253774,-1.73681866240103,-0.533739124984574,-0.175676069085269,-0.723677925745147,-0.414776298000921,1473,65,105,567
"Nathan Mensah",-1.44287278163495,-0.309359074838156,-1.75223185647311,0.0514112689518,0.0900177134920615,-1.79063826446786,-0.231179145278228,1252,7,20,597
"Shaedon Sharpe",-0.0254011654476031,-1.73009825029741,-1.75549941574501,-1.72647992528326,0.738307313113877,0.132299291713138,-1.72676782266224,21095,2404,3071,5063
"Terance Mann",0.875521693402971,-2.63216892592831,-1.75664723252534,1.35182431530544,-2.51073569313819,1.8479894022013,-2.64516748011195,21043,534,1443,8539
"Andre Drummond",-0.608387304922976,-1.16260155943766,-1.77098886436064,-0.230004441266639,-0.20508774763171,-0.406315385345429,-1.10085779086501,11999,437,1533,4051
"Dalano Banton",-0.793967153010705,-0.977113487737934,-1.77108064074864,-0.735034705205684,0.903225793419668,-1.37646969330739,-0.897134559797565,10047,1512,1371,2150
"Garrett Temple",-1.39288286269444,-0.381158730515117,-1.77404159320955,-0.151305199091929,-0.702008388766652,-1.11533313611323,-0.366801516722751,2868,39,139,1259
"Kylor Kelley",-0.24801117638982,-1.55708702894386,-1.80509820533368,-0.01547384170454,-0.213275421436823,-0.24232376584593,-1.59154678183809,537,6,28,235
"Alex Len",-1.81808675377465,0.0117438327052206,-1.80634292106943,-0.196135636760439,-0.461371702710683,-1.32417445935794,0.0634267442789391,4148,50,123,1898
"Armel Traoré",-1.32647286396416,-0.502909834767772,-1.82938269873193,0.0056083394463949,-0.356696692474191,-1.07177800901601,-0.525937040914118,274,5,25,105
"Marcus Bagley",-1.26769997403458,-0.585049550889386,-1.85274952492396,-0.215892532214023,-0.593665508990181,-0.713554550685253,-0.508366164046286,1067,23,66,446
"Marcus Morris Sr.",-0.395015898378126,-1.46157730337316,-1.85659320175129,-0.138017027867816,0.403402609377545,-0.683386825233176,-1.51879156313914,10664,386,1068,3871
"Jacob Gilyard",-0.70566769020672,-1.15162915943158,-1.8572968496383,0.0656708925261313,-0.443050920650378,-0.612629705834445,-1.18115792776242,2988,49,118,1328
"Tyrese Martin",-1.44024263061021,-0.417324755329478,-1.85756738593969,-0.47335659221272,-1.56580261677088,-0.683382729433834,-0.415077764458396,5553,375,527,1886
"Kobe Brown",-0.963851984690196,-0.896308374894029,-1.86016035958423,-0.224857631632718,-0.394447360715207,-0.709442728636603,-0.784547867239925,2706,76,68,1203
"Colby Jones",-1.2837009519809,-0.586520131575811,-1.87022108355671,-0.159624818938544,-0.105741960862319,-1.50129342478543,-0.453793804204079,2867,172,192,1072
"Isaac Jones",-1.14284240132173,-0.731101407897561,-1.87394380921929,-0.193209751602628,-0.151466673694397,-0.821111912515245,-0.670772935616138,1281,45,41,560
"Zaccharie Risacher",0.235311292790893,-2.1469321034561,-1.91162081066521,-0.938546028277273,0.139291940290126,0.577074456269788,-2.18895718744919,8015,404,1190,2417
"Pat Connaughton",0.0245849274990579,-1.93875707090727,-1.91417214340821,0.242830155619652,-0.392783160402356,0.43188712107068,-1.90435438155742,15542,481,1154,6156
"Udoka Azubuike",-0.850239065003166,-1.06844757257188,-1.91868663757505,0.198625751941098,0.105453651378479,-1.19713577365112,-1.05764751807298,2005,89,112,806
"Johnny Davis",-2.12723228324727,0.189212136526658,-1.93802014672061,-0.223292817103435,-0.769451557891016,-1.58691726258783,0.208320803604045,5451,219,295,2208
"Malachi Flynn",-0.916656289738373,-1.02967919556629,-1.94633548530467,-0.576666106735749,-0.0442559849738536,-0.673673074875198,-0.940212964547365,6541,542,615,2111
"Ariel Hukporti",-1.82842825945781,-0.122091071346114,-1.95051933080393,-0.284883687912441,-0.32912669497818,-1.20061625442916,-0.113131223839692,893,15,12,422
"Taj Gibson",-2.08997555169652,0.131787246887545,-1.95818830480897,-0.137026884708358,-0.37485481639925,-2.30462397400806,0.143445590418869,4481,81,256,1908
"Paolo Banchero",-0.407265325751045,-1.5613649396954,-1.96863026544645,0.216130512298049,-1.43606019687964,0.301827301592221,-1.77357745419821,27806,7878,3408,2628
"Reggie Bullock Jr.",-0.369640978788228,-1.60204653027425,-1.97168750906248,-0.164061032450211,0.0628382403109886,-0.22523401491442,-1.60400689185763,11268,51,234,5350
"Hunter Tyson",-2.69136303842912,0.706954101626743,-1.98440893680237,-0.408882341574131,-0.459352286331938,-2.43381140899933,0.741480165779501,1897,177,75,693
"Jett Howard",-1.98415853342958,-0.00570242449817762,-1.98986095792776,-0.188487774935236,-0.273645070764593,-2.07396269630201,0.183500870516355,3133,288,163,1110
"Isaiah Collier",-0.639998818390354,-1.3508485944398,-1.99084741283015,-0.567150722138251,-1.07224963384734,0.363386111081988,-1.32670149260189,7738,490,545,2822
"Russell Westbrook",-0.358837519329814,-1.63684504934339,-1.9956825686732,-3.30092866640536,-1.81581623047536,3.91390702313357,-1.73389319891632,24488,3856,2857,5550
"Thanasis Antetokounmpo",-1.25805960580029,-0.751964736173424,-2.01002434197371,-0.0913351062486848,-0.112850637764487,-1.29106221895068,-0.679308542565597,1499,56,39,656
"Chuma Okeke",-1.17455391770929,-0.853027848784011,-2.0275817664933,-0.526936449864786,-0.655692144506421,-0.53940575440663,-0.769668732731405,4646,191,208,1919
"Charles Bassey",-1.77309007571004,-0.257587481809522,-2.03067755751956,-0.280869035236333,-1.36826150511285,-0.688425234562251,-0.29024713207301,4622,239,324,1756
"Cedi Osman",-0.610834551649821,-1.42547561863103,-2.03631017028085,-0.704404872655472,0.0140450674258472,-0.595705880141916,-1.50489868425444,11622,745,1390,3693
"Dejounte Murray",0.0342334710420053,-2.07101977699789,-2.03678630595588,0.266536662414366,-0.109031181068767,-0.241220558505582,-2.12622287819496,27365,6558,5667,1442
"Dalton Knecht",0.176742275604566,-2.25214131894361,-2.07539904333904,-0.289461694918847,-0.626852323530716,0.620636408342372,-2.25986337403144,6037,271,589,2161
"AJ Johnson",-0.685019146479744,-1.39072020784703,-2.07573935432678,-0.869375155120183,-0.828601531446644,0.1388635557996,-1.22196449788321,2641,102,266,955
"Bojan Bogdanovic",0.537408732402911,-2.61622009967901,-2.0788113672761,0.480787674874147,-0.803148570866658,0.564295097528632,-2.70760758359801,13947,2394,2441,2123
"Jae Crowder",-1.29088905454358,-0.793836103468268,-2.08472515801185,-0.360506897098755,0.150717734602399,-0.935457352955542,-0.924600154483238,6710,92,220,3027
"Olivier-Maxence Prosper",-3.07234490834407,0.975336019885958,-2.09700888845811,-0.685379059015537,-1.16377238775714,-2.17124423458082,1.04592843737148,3891,135,346,1476
"Keldon Johnson",-0.138594426077885,-2.01599055280312,-2.15458497888101,2.02356401766278,-0.0824582661685833,-2.19867861964748,-2.15378130769619,25026,3818,2885,5834
"Nassir Little",-0.836754213709577,-1.34344136010096,-2.18019557381053,-0.486667908339292,-0.962434991800035,0.095626135450481,-1.30609422741965,5873,314,452,2172
"Brandon Boston Jr.",-1.46750388985294,-0.725883989842377,-2.19338787969532,-0.876107985564939,-0.6496000815615,-0.398400196355978,-0.731710729877729,2453,379,411,437
"Mark Williams",-0.250437100098281,-1.95703369922415,-2.20747079932243,0.711848498342145,-1.40935175300161,-0.477818824776947,-2.08327869405041,10472,465,816,3972
"Zeke Nnaji",-3.49945975833274,1.26807492882126,-2.23138482951148,-0.448140830538102,-0.799093032844713,-2.9791592440428,1.47454445872195,7821,295,307,3314
"Isaiah Livers",-0.947054538034022,-1.2977933679176,-2.24484790595162,0.0107652219642411,0.155667074560522,-1.27163959916375,-1.29181303032972,6877,162,454,2830
"Ayo Dosunmu",-0.847229062910652,-1.39977733860399,-2.24700640151464,1.36020504605929,0.423865882973648,-1.74687560107226,-1.51172601905177,23635,749,1273,9794
"Craig Porter Jr.",-0.713737278713129,-1.5369628300542,-2.25070010876733,-0.75078753821318,-0.667133438711221,0.199973235352469,-1.42021855817024,4715,210,414,1739
"Bruce Brown",-0.246045597007535,-2.01854317343276,-2.2645887704403,-1.85325761080069,-0.391064934304632,1.05297361453101,-2.06756023501861,21001,1543,1754,7198
"Jamal Cain",-1.04686257421678,-1.22076462321617,-2.26762719743296,-0.0852914774458328,-0.443122605370438,-1.10837702252272,-1.12536243692852,4136,307,289,1473
"Usman Garuba",-1.44160738746754,-0.851186172291501,-2.29279355975904,-0.041197795167601,-0.181475750314399,-1.59556466188683,-0.841820211444297,4139,6,123,1936
"Bryce McGowens",-2.06460164210619,-0.250600236201981,-2.31520187830817,-0.167006683007236,0.112213340009532,-2.56415947723628,-0.193827473603906,7056,258,397,2878
"Kelly Oubre Jr.",-0.865972417162734,-1.45125429149825,-2.31722670866099,-0.490119655711382,-1.68154123465485,0.421489987462763,-1.55957622568536,23399,3097,3214,5387
"Jordan Poole",-1.10545889886504,-1.22605108353804,-2.33150998240308,-0.379899490763376,-0.801760038461015,-1.83410919663368,-1.32738625751949,29308,7127,4669,2835
"Lonnie Walker IV",-0.556252067350137,-1.81939230361078,-2.37564437096091,0.0446914174538859,-0.0730094999436998,-0.82102722511485,-1.83511682704213,11708,1395,1747,2713
"Nic Claxton",-1.94503535163087,-0.455787279391355,-2.40082263102222,0.0641130911331135,0.366492341887118,-2.49128918674947,-0.565714015767896,25414,649,1221,10829
"DaQuan Jeffries",-0.167495795080524,-2.23538821719738,-2.4028840122779,-0.906644398790578,-0.132309214690462,-0.0727536844835221,-2.21564071280231,4506,260,431,1559
"Damian Jones",-2.22436876556843,-0.19042444170512,-2.41479320727355,-0.284956593720025,-0.43112760671219,-1.88983615875547,-0.19339835682105,3098,190,246,1114
"Bronny James",-1.55140619885782,-0.884732901140783,-2.4361390999986,-0.450316944564228,-0.450730874869583,-0.957518646973544,-0.812559184371529,727,29,102,234
"Bones Hyland",-1.84984549972477,-0.621851823073631,-2.4716973227984,-2.25528331339918,0.302463025553021,-0.65736862428496,-0.608752281587294,7607,1532,1049,1218
"Trent Forrest",-1.57904842092585,-0.894677254328429,-2.47372567525428,-0.294046279131234,-0.262393421389917,-1.07246928939276,-0.851271724594443,2801,51,62,1284
"Tristan da Silva",-1.24373534247137,-1.23193443878948,-2.47566978126085,-0.63983188804801,-1.20847387067396,-0.712433409932795,-1.22164153043923,6480,136,617,2485
"Emoni Bates",-1.66813235733776,-0.82731781934659,-2.49545017668434,-1.13341889405715,-0.0871250004862368,-0.739125387940378,-0.76335749005083,849,97,73,252
"Kessler Edwards",-0.476573075398227,-2.03604453632467,-2.5126176117229,-1.1993857373541,-1.24233019833342,0.877394145226641,-2.17521776380669,5290,152,310,2187
"Kyle Kuzma",-1.56844552362439,-0.951415473755409,-2.5198609973798,-1.34592900490021,-1.42720090136333,0.287823089088092,-0.981257357609698,27334,7128,3978,2544
"Tristan Thompson",-1.97487602765703,-0.557529471921421,-2.53240549957845,-0.060858829323353,-0.347219101117174,-1.92882624835218,-0.453609920061726,3532,42,125,1604
"Killian Hayes",-1.32499339673838,-1.21901954712658,-2.54401294386496,-1.26185645675436,-0.595283368460099,-0.696407043602126,-1.23020841845468,13844,1121,1937,3864
"Peyton Watson",-2.7502022665696,0.196737283511066,-2.55346498305854,-0.884151523352339,-1.74213406497083,-1.44141619198106,0.233606264154543,13706,308,974,5569
"Josh Christopher",-1.09403949243924,-1.49178318582341,-2.58582267826264,-0.762388058878186,0.318035230056914,-1.01805120246132,-1.39380947752305,3548,520,439,820
"Ish Smith",-1.76939989925854,-0.834665818727669,-2.60406571798621,-0.584699143170113,-0.872334649037866,-0.999860249710563,-0.844617046118897,4689,290,224,1833
"Aleksej Pokusevski",-1.6655846369567,-0.942642398132241,-2.60822703508894,-1.01125267601233,-0.603622222786389,-0.435415283225922,-0.905160297132875,4593,296,348,1649
"Terry Rozier",-1.22301335036022,-1.3884319979193,-2.61144534827952,-0.801948755180972,-1.03930634450283,-0.513190381721809,-1.47377780943695,24443,4465,4403,3370
"Bradley Beal",-0.883122284570474,-1.73739362383967,-2.62051590841014,1.98369042767495,0.0612905935243191,-2.4014673267448,-1.96276699506923,21149,2870,2614,5101
"Jalen Green",0.393580986130522,-3.01916189291293,-2.62558090678241,0.481590891328135,1.10424385400624,-0.912080853554419,-3.19215156501531,32736,9470,5497,1401
"Jeremiah Robinson-Earl",-0.307395228692631,-2.32565480929932,-2.63305003799195,-1.44640767424952,0.256711109463654,0.293608925279828,-2.22603757116038,10006,487,703,3802
"Gradey Dick",-0.317245655050902,-2.32975394347634,-2.64699959852724,0.0897773057514237,-0.0966209829950947,-0.221733460809345,-2.51195091045503,11945,745,998,4218
"Keion Brooks Jr.",-1.06892850986923,-1.58126019798841,-2.65018870785764,-0.308147821853963,-0.512689999031706,-0.613594017904129,-1.45468929943963,1391,55,201,437
"Brice Sensabaugh",0.371476089291418,-3.03229122222317,-2.66081513293175,0.24445463030619,1.51048299813207,-1.12843754576712,-3.05506647558229,8537,812,1030,2417
"Ziaire Williams",-1.48059515093553,-1.19220164935506,-2.67279680029058,0.284891510919246,-1.2327581394488,-1.4721695567977,-1.19713922920809,12844,952,1535,3924
"Tidjane Salaün",-3.66749226784297,0.992110140029936,-2.67538212781303,-0.962208041734467,-0.397886486588867,-3.6838529975372,1.05919268215592,5000,116,280,2095
"Precious Achiuwa",-2.24784372562424,-0.446897788768335,-2.69474151439258,-0.339052975303524,-0.894396535249219,-1.465441322827,-0.388370962177818,15892,661,812,6476
"Jamal Shead",-1.71837708388006,-0.987074704205798,-2.70545178808586,-2.01742154231054,0.130992874970461,-0.98157035495993,-0.929244359448982,6076,401,444,2196
"Taurean Prince",-0.155605601992836,-2.55194054198021,-2.70754614397305,-0.623997351727771,-0.768420459296917,0.776693848423312,-2.61469849487494,23082,949,1107,9487
"Noah Clowney",-2.670542454163,-0.0417367673913251,-2.71227922155433,-0.558528410531874,0.00579621721915595,-2.74762115156222,-0.0559071940138103,5685,270,397,2169
"Malaki Branham",-1.26068102740481,-1.47289055557263,-2.73357158297744,-1.04082845375123,0.170441007525656,-1.68064622888435,-1.45387206719334,15246,1251,1595,4807
"Devin Vassell",-0.948914370357849,-1.82091221848319,-2.76982658884104,-0.879799025955484,-0.56158296144876,-0.459555415771671,-1.91064594873722,22823,2991,4927,3489
"Jaden Ivey",-0.252537513136281,-2.55099650188778,-2.80353401502406,-1.63360470840321,-1.01519084740587,1.30312917117586,-2.59707978326888,22576,3481,3061,4741
"Wendell Moore Jr.",-2.37861189896151,-0.467619561556301,-2.84623146051781,-0.16026301772607,-1.68125913380637,-1.39864031108303,-0.409062821898671,3055,128,202,1199
"Rayan Rupert",-1.82953615339857,-1.02500936515699,-2.85454551855556,-0.815654663895022,-0.909063683658568,-0.93486629885674,-0.893455783988852,4566,170,172,1943
"Torrey Craig",-0.577680302386687,-2.30733352225687,-2.88501382464356,-0.306403164243976,-0.566690314018072,-0.00601264372937804,-2.32804332702283,13485,289,539,5934
"Nick Richards",0.100501923256145,-2.9927684648395,-2.89226654158335,-0.357714658620381,0.695743224276782,-0.521272517127195,-3.08983694237796,17367,255,1005,7424
"Maxwell Lewis",-2.73817355546243,-0.159234606307888,-2.89740816177031,-0.0110372339410267,-1.13925255976403,-2.22470139480778,-0.0360063809978965,1747,125,165,588
"Jarace Walker",-2.47425484007064,-0.444941066589112,-2.91919590665975,-1.26326186504671,-0.638943083662764,-1.50391905558509,-0.353961140918284,6454,259,679,2287
"David Roddy",-1.85336850526627,-1.06732097176427,-2.92068947703054,-0.562566928523917,-1.07573200333426,-1.33458186798,-1.00563108928463,11902,492,1013,4467
"Bilal Coulibaly",-1.95070436629318,-0.970777794070721,-2.9214821603639,-0.0650334706379295,0.869698280600018,-2.83719460535776,-1.09174288870984,15612,255,1123,6422
"Doug McDermott",0.22670819375496,-3.15328359483016,-2.9265754010752,-0.0786903371937637,0.432488279353201,-0.328208340669212,-3.09461599396409,10895,452,943,4100
"GG Jackson",-2.07390492589955,-0.884956733985323,-2.95886165988488,-0.982060000550584,-0.986396766610135,-1.18758705647061,-0.912439735626814,6984,706,769,2008
"Jamison Battle",-1.51455097213072,-1.5160372972042,-3.03058826933492,0.524064367380493,-1.03967369914225,-1.60540371813749,-1.24993133152495,4361,112,339,1734
"Jonathan Mogbo",-2.66471158199275,-0.408318225474841,-3.07302980746759,-1.3703106795676,0.1223361810047,-2.25636044837448,-0.294164353139304,5399,158,212,2323
"KJ Simpson",-1.86861364900301,-1.21602068995087,-3.08463433895389,-1.41545152896117,-0.902333159248512,-0.764426161561251,-1.29881878429114,3425,264,255,1198
"Keon Johnson",-1.81450858407013,-1.27189225741163,-3.08640084148175,-0.418055887681567,-1.55073328731721,-1.26453243754928,-1.33469097837369,9807,1269,1359,2256
"Jalen Hood-Schifino",-1.14842947195026,-1.9617294539883,-3.11015892593856,-0.638633129145396,-0.418371873082121,-0.477057548749055,-1.96191036516832,1750,157,127,590
"Andre Jackson Jr.",-1.34944283334267,-1.76875739172843,-3.1182002250711,-0.0942839946307382,-0.915414954618132,-0.586522017895753,-1.78398793740088,6489,62,307,2885
"Cam Reddish",-1.78969475629301,-1.33039632922667,-3.12009108551969,-0.557614209125394,0.220879443011247,-1.59350980661958,-1.4297820144912,10744,325,631,4419
"Jordan Hawkins",-1.20212878474267,-2.05979176818913,-3.26192055293179,1.23858272323941,-0.723649777429938,-2.01788495207515,-2.09088974121059,10307,751,1125,3279
"Damion Baugh",-1.63770668373958,-1.67022213196295,-3.30792881570253,-0.511125600893112,0.328840494343244,-1.80461541705481,-1.68292558986893,1496,110,140,499
"Johnny Juzang",-1.06352665688987,-2.27670343744472,-3.34023009433459,0.602290355358897,-0.344278696814866,-1.54422424878445,-2.34633145512902,7818,532,696,2670
"Jaden Hardy",-2.28419436798148,-1.18952523901263,-3.47371960699411,-1.17909362724195,-2.25965821538528,-0.283141378407584,-1.15647581079285,10959,1647,1401,2433
"Amir Coffey",-1.91165431628187,-1.5947038983592,-3.50635821464107,-0.503749324845834,-0.236190613768249,-1.48712671769291,-1.66082058204252,15763,305,811,6739
"Julian Strawther",-1.68002187349614,-1.91790204480584,-3.59792391830199,-0.99410380194372,-0.400680636969648,-0.842100150548709,-1.82107282753751,8130,565,903,2600
"Jeff Green",-1.42558712544904,-2.34062341523585,-3.76621054068489,0.0564420495649983,-0.497172820005151,-1.40492916582965,-2.33142999308737,11507,350,690,4740
"Jaylen Martin",-2.24685478999498,-1.53879056115732,-3.78564535115231,-0.316935137359946,-0.932212161948803,-1.36338042409389,-1.52596696085938,978,21,69,402
"Justin Edwards",0.508195029552021,-4.34257245308663,-3.83437742353461,0.296037096995202,0.0481518234035041,0.356849943774087,-4.31763899267786,4733,157,486,1718
"Jordan Nwora",-2.01628752187184,-1.8277957649809,-3.84408328685274,-0.0104951541436882,-1.26974926963437,-1.67635460224553,-1.79962305289591,8063,989,845,2195
"Keyonte George",-0.720715901012023,-3.19711639314207,-3.91783229415409,-1.38464412643556,0.220744908470464,-0.422668330110692,-3.15571888860735,17224,2026,2885,3717
"Yves Missi",-1.83824885358836,-2.20752786387652,-4.04577671746488,-0.21911455080131,0.30812858397868,-2.33529678502605,-2.24839003175026,8087,122,281,3637
"Bub Carrington",-2.69897051776025,-1.75025446885646,-4.44922498661671,-0.65662423129812,-0.691300016330757,-2.99451949434094,-1.67301197025551,10434,426,579,4210
"Cody Williams",-3.55233041546902,-0.976015675368024,-4.52834609083704,-0.189084484141005,-0.952056865719905,-3.18914744480086,-0.972534614717736,4495,51,261,1948
"Nick Smith Jr.",-3.28580782011146,-1.25923503826496,-4.54504285837642,-1.50916607276079,-0.94110309466203,-3.08073868048475,-1.37840511593976,8554,724,800,2746
"James Wiseman",-1.97985357753088,-2.81004204803078,-4.78989562556166,-0.236793878718321,-0.712906827373326,-1.97163181500284,-2.83515535175178,8216,587,944,2575
